total ratings,growth (30 days),growth (60 days),price,5 star ratings,4 star ratings,3 star ratings,2 star ratings,1 star ratings,average rating
80678661,2.9,7.9,0,61935712,4478738,2795172,1814999,9654037,4.33
35971961,2,3.1,0,26670566,2109631,1352610,893674,4945478,4.24
25836869,1.6,3.3,0,17850942,1796761,1066095,725429,4397640,4.08
17181659,4.1,6.6,0,12493668,1474319,741410,383478,2088781,4.27
14237554,0.8,1.8,0,9657878,2124544,1034025,375159,1045945,4.33
14048931,0.6,1.5,0,11532143,961926,448184,217044,889631,4.57
13020115,2.8,5.1,0,10079925,1210326,488294,261610,979958,4.47
11298789,6.3,12.3,0,6173970,1026476,770574,614021,2713745,3.65
9554877,0.3,0.6,0,6521348,996144,615544,343978,1077860,4.21
7392911,1.3,2.9,0,5231571,494013,343880,232468,1090976,4.16
6475640,0.4,1,0,4089508,765605,486813,250455,883255,4.07
6203689,0.5,1.1,0,4466149,597997,313912,165629,660000,4.3
5651287,0.3,0.6,0,3855710,524170,321185,183340,766880,4.15
5245027,2.3,4.5,0,4170692,464285,216008,93697,300341,4.55
4457338,6.1,13.7,0,3611434,335328,123915,59903,326756,4.54
4456347,0.1,0.2,0,3378135,575185,232942,67203,202879,4.54
4448938,0.5,1.2,0,3440564,524996,227009,72803,183564,4.57
4443546,2.1,3.9,0,3055909,371966,198693,100809,716166,4.11
4260419,0,0.2,0,2654404,542456,338551,178344,546662,4.07
4193941,0.3,0.7,0,2635805,449195,262329,160045,686564,4
4162892,0.6,1.1,0,2838747,455601,251087,133593,483861,4.21
4097530,0.2,0.5,0,2501119,430052,288167,152746,725443,3.93
4092418,0.7,1.6,0,2957405,485137,213306,107353,329214,4.38
3986647,0,0,0,2777555,615632,242394,81060,270003,4.39
3480214,0.5,1.3,0,2358135,414862,216256,104141,386816,4.22
3138199,1.4,2.8,0,2113861,259544,187573,117506,459713,4.1
3122764,0.3,0.7,0,2332450,404082,152315,61649,172265,4.49
3095661,0.2,0.5,0,2083084,380012,178324,91001,363237,4.2
3065898,1,2.2,0,2082550,278924,171490,101696,431235,4.14
3009445,1.6,2.5,0,2244023,267656,142141,65518,290104,4.37
2644544,0.4,1,0,1934943,269099,131665,67872,240963,4.36
2548363,3.6,5,0,1820998,207369,126706,77918,315369,4.23
2535575,0.1,0.2,0,1880942,249023,114674,59777,231156,4.38
2454177,0.5,0.9,0,1836934,280756,134864,54700,146921,4.47
2373080,0.1,0.3,0,1580784,267426,148706,72154,304008,4.16
2360988,0.1,0.2,0,1848725,211200,101098,42008,157954,4.5
2346568,2.1,5.3,0,1845954,194520,89226,48016,168849,4.49
2251406,0.6,1.4,0,1549864,252098,129978,63699,255764,4.23
2128244,0.1,0.4,0,1513093,250067,139165,47434,178483,4.35
2080344,0.1,0.2,0,1401485,187513,116968,64362,310015,4.11
2020959,1.8,3.6,0,1576195,207109,84764,37650,115239,4.53
1974616,0.6,1.5,0,1466866,206775,110728,50067,140177,4.42
1973715,0.3,0.6,0,1282907,125753,81759,55822,427472,3.9
1965892,3.1,6.6,0,1422180,173486,105861,61329,203032,4.3
1919424,1,1.9,0,1234779,252441,115916,62945,253340,4.12
1858700,0.1,0.2,0,1161298,217742,115623,65648,298387,4.01
1818951,0.1,0.3,0,1180853,114139,91343,66662,365952,3.92
1738922,3.6,9.3,0,1174773,178273,126894,71790,187190,4.2
1737515,2,3.6,0,1302473,180457,92856,40988,120740,4.44
1708074,0.2,0.4,0,1304290,207310,77538,26901,92032,4.53
1653621,0.1,0.2,0,1168969,143216,81504,45844,214085,4.21
1601034,1.1,2.4,0,1198546,140286,74131,40275,147794,4.38
1599574,4560.2,1.6,0,1038466,185237,105134,52050,218685,4.11
1598893,0,0,0,999022,145747,98957,53783,301381,3.93
1571129,0.7,1.3,0,865924,160729,131233,84164,329077,3.73
1514729,1.2,3.1,0,1071149,206983,87195,34301,115098,4.38
1499748,0.6,1.2,0,936132,189007,109850,56847,207909,4.06
1495928,1164.8,4.6,0,1080306,180336,78629,40266,116388,4.38
1492125,0.1,0.3,0,1095921,179535,80175,29311,107180,4.43
1476615,0.2,0.4,0,1101314,188833,80890,27732,77843,4.5
1418200,1.8,3.6,0,1072395,139566,73663,34742,97832,4.45
1370578,1,1.9,0,1010261,134117,67153,33167,125878,4.36
1295371,2,4.2,0,990050,88465,56207,35825,124820,4.38
1268708,1.1,2.9,0,975386,121614,58603,26064,87039,4.48
1253803,1.5,4,0,966279,139698,55097,22321,70406,4.52
1238814,0.8,1.7,0,878737,104960,59904,34640,160571,4.22
1224373,1.2,3.1,0,796909,123482,78967,49174,175839,4.08
1205751,0.7,1.8,0,850596,130904,72537,35699,116012,4.3
1201003,1.8,3.8,0,888793,100798,60028,34751,116630,4.34
1189784,0.3,0.5,0,774203,124707,92187,46678,152006,4.11
1171463,1.9,4.9,0,796378,119092,52261,26135,177593,4.14
1159018,0.4,0.7,0,818030,124799,69912,32042,114232,4.29
1134823,1.5,3.5,0,675581,172859,94142,45682,146557,4.04
1104922,139410.4,0.9,0,743189,73302,52848,34090,201490,4.02
1098902,2.1,4.5,0,877180,141143,41513,11915,27149,4.66
1057009,0.7,1.3,0,795246,114985,39102,17818,89856,4.43
1038486,4.2,9.1,0,779321,84895,47933,28968,97366,4.37
1035927,0.1,0.2,0,771626,98475,60893,24031,80898,4.41
1025527,4.1,7,0,788638,59844,38520,23773,114749,4.35
1022335,0,0.1,0,639683,120437,62570,33042,166601,4.01
1011865,2.5,5.6,0,720898,73748,50810,34656,131751,4.2
1008274,0.1,0.2,0,637973,121993,61346,31183,155776,4.05
997973,0,0.1,0,715952,147189,62085,19024,53721,4.46
987047,0.4,1.1,0,609541,123211,73097,39214,141981,4.03
954496,0.5,1,0,503466,101889,58476,32023,258640,3.59
940558,2.9,6.4,0,653656,70047,48180,35763,132909,4.14
933455,0.1,0.2,0,624684,101141,56461,30943,120224,4.16
894527,0.7,1.4,0,651347,95352,49355,22598,75872,4.37
893456,5.2,11.4,0,658104,65913,40928,28302,100207,4.29
878929,1.2,2.4,0,618177,72167,36063,20444,132076,4.16
873891,0.1,0.1,0,551341,68587,58098,33898,161964,3.93
848831,0.3,0.8,0.99,607502,115334,48040,19224,58729,4.41
820081,2.6,5.4,0,610132,62809,35805,23217,88115,4.32
809795,0,0,0,626256,79461,43472,13250,47353,4.51
801878,0.3,0.7,0,509210,119257,67002,29864,76543,4.19
799803,0,0,0,487636,76830,33821,18264,183249,3.83
798738,0.1,0.1,0,565576,79649,51686,22644,79179,4.29
798721,0.8,1.5,0,530371,103622,49763,25205,89758,4.2
778052,4.7,10.2,0,490242,81135,53964,31174,121535,4.01
776957,2.5,5.2,0,521328,70548,45060,25717,114300,4.11
20649769,4.2,8.4,0,16057759,1836135,753095,369209,1633569,4.47
14401261,0.7,1.2,0,9302104,1728142,885234,460683,2025096,4.1
4262608,0.1,0.3,0,3262514,444508,216484,91657,247443,4.5
2554945,0,0,0,1728847,325007,199467,74666,226955,4.27
2183778,2.1,5.5,0,1621294,298511,115105,44583,104283,4.51
2078790,0,0,0,1165956,247588,221278,104808,339157,3.86
2046025,12.5,23.9,0,1506076,161775,81970,52906,243296,4.29
1914819,2.3,6.6,0,1416003,148554,76942,43991,229326,4.29
1582368,0.1,0.2,0,1212289,175725,73532,29091,91730,4.51
1432424,0.1,0.2,0,947480,176433,110609,52804,145096,4.21
1342587,9.5,21.6,0,1055821,123264,50086,24569,88845,4.51
1279506,0.1,0.3,0,933667,117128,62485,30153,136071,4.31
1276224,0.1,0.3,0,990679,103781,57414,27458,96889,4.46
1161941,0.1,0.3,0,850589,129736,74870,25709,81035,4.41
1094556,0.1,0.2,0,755487,138999,70609,31379,98079,4.3
1062176,0.3,0.6,0,662101,230824,100375,26908,41965,4.36
1007655,0,0,0,588610,125854,79653,49039,164496,3.92
1006633,0.8,1.2,0,535514,74798,73000,51802,271516,3.55
891343,0.1,0.2,0,530828,215417,102430,19425,23240,4.36
803896,1.4,3.5,0,480374,154636,79120,35336,54427,4.21
798250,358.4,4.7,0,550170,144254,38618,17042,48164,4.42
753183,0,0,0,584387,93065,41439,10187,24103,4.6
730263,0.4,0.9,0,550358,77217,36272,16713,49701,4.45
720821,0.5,1.1,0,592379,55914,24658,10735,37133,4.6
675179,0.1,0.3,0,525957,54369,28324,14037,52489,4.46
654364,1,1.9,0,487793,64046,32508,16549,53467,4.4
634709,0.2,0.4,0,334924,57204,45952,32698,163929,3.58
617412,3,6.9,0,386395,66048,42074,23449,99444,4
597627,2.5,5.3,0,451959,56568,25606,14326,49165,4.42
545364,0.1,0.2,0,370907,60083,36938,18369,59064,4.22
530531,2.3,5.1,0,360272,45518,26510,18330,79898,4.11
528493,0.3,0.7,0,369221,92285,27535,11146,28304,4.44
526011,0.5,1,0,260354,40125,34962,24636,165933,3.39
521392,1.1,2.4,0,368121,67896,28777,14238,42356,4.35
520995,3.2,8.4,0,337935,61651,34116,20254,67036,4.12
519820,0.7,1.4,0,323970,98744,43406,18725,34973,4.27
491712,0.4,1,0,364394,72835,28682,8182,17617,4.54
487043,0.6,1.3,0,309857,48747,32454,19174,76808,4.02
479435,2.7,5.9,0,343892,101188,16455,5893,12005,4.58
478211,1.8,3.7,0,329088,77605,26994,11507,33013,4.38
463875,1.6,3.3,0,358740,46434,20075,9268,29354,4.5
436080,0.7,1.8,0,331200,55837,18479,7625,22936,4.52
434987,0,0,0,282326,58228,28844,13307,52280,4.16
426482,0.3,0.7,0,188123,53049,33512,26380,125415,3.36
416848,3.2,6.8,0,295844,39500,23056,13057,45388,4.27
389233,0.7,1.5,0,255521,57215,27828,14099,34568,4.25
367520,0.8,1.4,0,203815,85332,52161,12160,14049,4.23
342591,0.7,1.6,0,210465,36063,26030,15179,54852,3.97
337032,1.1,2.4,0,205418,36118,25297,16075,54122,3.96
328964,0.3,0.7,0,229461,63849,23818,4647,7186,4.53
324834,0.2,0.5,0,237449,24504,15570,9174,38135,4.27
323953,4,9.4,0,229877,47360,19377,7512,19824,4.42
320368,0.2,0.3,0,205171,43727,24752,13226,33490,4.17
317546,1,2.3,4.99,264563,24837,10184,4387,13572,4.65
316853,0.2,0.3,0,255161,21673,12879,5855,21283,4.53
316647,0,0.1,0,237365,31303,17404,8412,22160,4.43
316364,0,0,0,260935,25389,11899,4699,13439,4.63
313922,0.4,0.7,0,150171,48370,29450,20523,65406,3.63
308061,0.4,0.7,0,217484,24614,16712,9290,39958,4.2
303491,0.6,1.2,0,205958,60257,18268,6767,12238,4.45
302428,20.8,69,0,219395,47068,18287,5861,11814,4.51
302308,0,0.1,0,209903,34354,20106,11108,26835,4.29
286528,5.9,13.8,0,199804,36026,19176,8902,22618,4.33
273036,0.7,1.6,0,199015,36646,16646,6507,14218,4.46
272140,4.8,10.8,0,179442,22213,13724,10519,46239,4.02
272066,2558.2,12.7,0,181050,24590,17104,10342,38978,4.1
271446,4.7,9.7,0,205096,19718,12804,7352,26474,4.36
269698,0,0.1,0,199868,27382,19150,5624,17672,4.43
256133,0.7,1.6,0,159901,44646,18605,8182,24797,4.2
255190,0,0,0,160537,59045,24428,4079,7099,4.42
252579,16,39.7,0,183569,23789,10768,6393,28057,4.3
244086,1,2.5,0,152013,20903,14875,10206,46086,3.91
243187,0.7,1.2,0,157652,34365,18567,10269,22332,4.21
239690,0.5,1.2,0,172113,25782,14154,7012,20627,4.34
235665,0.3,0.8,0,139937,50806,29770,6835,8314,4.3
235645,0.3,0.7,0,177063,28537,13355,4930,11758,4.5
235280,0.2,0.4,0,180021,22471,10386,5427,16973,4.46
234999,0,0.1,0,179842,25379,13194,3868,12714,4.51
231968,2.7,6.5,0,162130,18965,11582,7008,32282,4.17
229193,0.6,1.7,0,138146,29200,15234,9094,37516,3.97
227666,0.1,0.3,0,138400,23863,18402,10703,36295,3.95
220028,0,0.1,0,157365,29152,14581,4277,14651,4.41
215484,1.6,3.3,0,158241,19243,10203,5946,21848,4.33
214252,2.9,6,0,145750,16991,12760,8788,29960,4.12
211749,0.1,0.2,0,119993,23498,18989,9269,39997,3.82
209977,0.8,1.8,0,147758,34367,15514,4221,8115,4.47
208707,9.4,24.3,0,140853,15894,11192,9186,31580,4.08
198684,3.3,6.3,0,133728,29804,12492,6151,16507,4.3
195093,0.2,0.6,0,98565,18794,18944,9746,49042,3.55
194323,1.3,2.8,0,150446,19496,8073,3976,12329,4.5
186843,2.3,4.3,0,133402,18770,10413,5673,18581,4.3
184346,5.4,18.3,0,142535,8350,6434,4587,22437,4.32
183775,0.1,0.3,0,126910,17057,11464,6311,22030,4.2
181950,2.3,4.8,0,147853,22052,7044,1945,3053,4.7
180214,1.2,5,0,132974,25480,9471,3989,8297,4.5
177399,0.5,1,0,140060,19349,7801,3140,7046,4.59
174459,2.2,4.6,0,115451,35716,15616,3101,4572,4.46
173518,0.2,0.5,0,103163,29913,14632,6981,18826,4.1
170530,0.7,1.6,0,110047,17316,9570,6629,26966,4.04
169716,3.3,7.4,0,111103,13416,9395,6867,28932,4.01
35305263,0.5,1.1,0,26840330,3377645,1618461,801027,2667798,4.44
7141044,0.5,0.9,0,5171922,791394,403206,189389,585131,4.37
6894310,0.4,0.8,0,4760684,819476,429111,182500,702537,4.27
5855907,0.4,0.9,0,4238921,620119,344542,159661,492662,4.36
5683301,0,0,0,4258293,633610,317140,102645,371610,4.46
5347039,0.2,0.3,0,3739784,586703,353955,147112,519483,4.29
5324391,0.7,1.5,0,4215861,540051,215404,87304,265769,4.57
4908222,0.1,0.2,0,3674764,565801,269632,91959,306063,4.47
4744985,0.6,1.3,0,3113811,440122,318588,203728,668734,4.08
4570599,0.2,0.4,0,3383684,557498,256899,93076,279439,4.46
4509959,0.6,1.4,0,3162077,535233,288165,140773,383708,4.32
3999232,1.4,2.8,7.49,3214765,312995,138682,70661,262126,4.54
3380525,0.3,0.6,0,2400095,353590,200706,94884,331247,4.3
3195259,1.5,3.2,0,2320047,273118,150510,92447,359134,4.28
2871537,0,0,0,1804118,477658,288402,88729,212627,4.24
2292938,1334.9,2.9,0,1761515,198335,91692,49180,192215,4.43
2074061,2,4.3,0,1446547,184093,111238,69112,263070,4.2
2059766,3.9,8.9,0,1350585,180474,112837,75158,340709,4.03
2025748,1.4,3.2,0,1648386,172565,73905,33852,97037,4.6
1935595,1.4,3,0,1496625,169241,88411,44145,137170,4.47
1900342,3.9,8.6,0,1494493,136585,64484,35327,169450,4.45
1896448,0.6,1.9,0,1116247,240664,151166,86215,302154,3.94
1892426,0.2,0.5,0,1507018,177392,71510,30681,105821,4.56
1810956,0.8,1.5,0,1357022,198527,92350,42783,120271,4.45
1790671,0.1,0.2,0,1173378,202700,146513,58481,209596,4.16
1722543,0.3,0.7,0,1299263,184269,91635,32702,114671,4.46
1679883,0,0,0,1243088,203499,96034,40038,97223,4.46
1580856,0,0,0,944862,181766,136424,69131,248670,3.95
1542149,0.9,2.3,0,1053541,154097,93873,56003,184632,4.19
1453883,0.2,0.4,0,1012546,179911,87761,37253,136410,4.3
1422370,1.9,3.9,0,934698,134776,88203,55939,208751,4.08
1324747,0.4,1,0,701113,166187,145938,82759,228748,3.78
1307348,21.6,67.5,0,828213,138318,112202,56796,171818,4.07
1266480,2.7,5.6,0,956576,113172,55695,30242,110792,4.4
1254488,0.2,0.3,0,921296,142403,80546,32192,78048,4.43
1213324,0.1,0.2,0,913605,102146,67172,27563,102835,4.4
1205183,0,0.1,0,770908,126156,97219,38195,172701,4.07
1184991,0.2,0.3,0,774924,93335,67591,42018,207121,4
1148773,0.2,0.5,0,769162,151810,83475,36388,107936,4.25
1135652,0,0.1,0,793834,207268,80919,13969,39659,4.5
1131106,0.1,0.2,0,830403,135199,64265,23174,78062,4.43
1092786,0.6,1.6,0,677916,137400,76010,45664,155793,4.04
1080391,0.4,0.7,0,744528,117072,73852,36326,108610,4.25
1067930,0.6,1.3,0,790448,85451,53289,32351,106389,4.33
1062728,0.9,2.1,0,619359,142736,94505,49800,156326,3.96
1053975,1.3,2.7,0,804810,81852,47679,27860,91772,4.4
1045888,0.9,2,0,707099,115037,66960,33899,122890,4.19
1038482,3.5,6.1,0,852131,89639,32908,14214,49587,4.62
1035091,0.2,0.4,0,771054,104754,59370,24069,75842,4.42
1022586,0.8,1.8,0,739849,113379,57603,24568,87183,4.36
978941,0.6,1.2,0,737202,83699,47744,26834,83459,4.39
930780,1.4,2.6,0,661142,90062,59535,31155,88884,4.29
924263,0.1,0.2,0,670950,107406,61188,20349,64368,4.41
870863,0.8,2.3,0,650474,86021,42019,19410,72938,4.4
853988,0.3,0.5,0,513457,98544,66342,39913,135730,3.95
836895,4.2,8.7,0,559097,81673,57819,34553,103751,4.14
828194,8,18.1,0,641630,57704,32799,20129,75929,4.41
785744,5.3,12.1,0,536913,64388,44758,31691,107992,4.13
785634,0.6,1.4,0,519219,44419,40672,27978,153344,3.95
783346,0.4,0.8,0,532777,79244,56302,30912,84108,4.21
771705,8.1,17.3,0,570768,110631,47089,14176,29038,4.53
767518,0.6,1.2,1.99,623950,73997,25169,9705,34694,4.62
751905,0,0.1,0,602986,86561,31527,9119,21710,4.65
714303,4.5,9.6,0,533521,57462,30996,18941,73380,4.34
690408,0,0,0,457063,98278,54702,19323,61040,4.26
684029,0,0.1,0,403782,94046,58979,27439,99781,3.99
680833,0.8,1.6,0,452995,76508,50755,25712,74859,4.19
658778,0.2,0.4,0,482649,62720,37136,17205,59065,4.36
612880,9.8,23.2,0,412006,57421,32365,20471,90613,4.11
607891,0.9,2.3,0,345285,85882,56078,32737,87907,3.93
607415,0.2,0.6,0,518005,33306,15855,7728,32518,4.64
606058,1.9,4.7,0,430289,62631,29278,19002,64857,4.28
597177,2.1,4.6,0,461516,57677,26461,10521,41000,4.49
594320,4.8,10.3,0,500552,37679,17503,9114,29470,4.63
588773,0,0,0,377160,58374,42190,17641,93406,4.03
580160,0.2,0.4,0,450545,63282,26052,9697,30581,4.54
571894,0.1,0.3,0,324049,96083,55078,27180,69501,4.01
560947,0,0,0,343285,94364,61079,20066,42150,4.21
553085,0.4,0.7,0,417161,51029,24360,9592,50939,4.4
531922,0,0.1,0,353551,83290,33656,15378,46044,4.28
528633,1.1,2.4,0,434295,55719,18969,6103,13545,4.69
502155,3.2,7,0,378387,43851,25859,11740,42316,4.4
500782,0.8,1.7,0,284229,73671,51337,25788,65755,3.97
494463,1.2,2.3,0,394660,41775,18966,9143,29916,4.54
493289,859.3,1.2,0,397005,52853,19376,6405,17647,4.63
479556,1.8,4.2,0,365442,36401,18912,11536,47261,4.38
476489,0,0.1,0,330135,64298,32019,11508,38527,4.33
473037,0.1,0.1,0,296581,49238,44288,17779,65148,4.04
466001,0,0.1,0,341438,51488,28267,8847,35958,4.4
462728,0.2,0.4,0,253101,61198,44358,28292,75776,3.84
461521,1.2,2.5,0,312383,61234,27577,13638,46687,4.25
460768,0.8,2,0,310141,53367,29556,12688,55013,4.2
459075,0.2,0.4,0,369343,47744,17674,6328,17984,4.62
451660,0.2,0.3,0,300896,68275,33278,12973,36235,4.29
447351,1.1,2.3,0,294043,51149,27853,12672,61632,4.13
446214,0.1,0.2,0,332108,57547,25741,8980,21836,4.5
444563,0.4,0.9,0,267057,57315,40846,22798,56545,4.02
443280,0.6,1.3,0,305278,36305,24626,15697,61371,4.15
443069,0.9,1.9,0,266158,45126,35593,22503,73687,3.92
437588,0.1,0.2,0,308926,54591,26725,10594,36750,4.34
7048207,1.9,3.5,0,5000168,740371,358940,193765,754961,4.28
2445882,1.7,3.8,0,1876001,349423,103995,36259,80201,4.6
2418516,0.2,0.5,0,1761313,126260,77314,40827,412800,4.15
2063204,1.7,3.3,0,1525492,174590,91167,46972,224980,4.32
1596758,0,0,0,666378,138474,141241,89312,561350,3.16
1582025,0.3,0.7,0,1105647,298621,79524,25482,72749,4.48
1514642,2.4,5,0,1060550,206896,93112,38989,115093,4.36
1242490,0.1,0.2,0,965860,69309,40832,16780,149706,4.36
1219836,3,6.1,0,944530,124068,54027,25310,71898,4.51
1208628,2.4,5,0,884572,108121,53324,27010,135599,4.31
1021929,7.5,16.5,0,716387,50974,38039,25526,191001,4.05
998776,4,9.7,0,780172,135100,31645,13616,38240,4.61
928025,1.7,3.3,0,673962,122577,49476,19674,62333,4.43
758481,1.8,4.1,0,577133,101989,34574,14423,30360,4.56
735571,1.6,2.8,0,586766,56989,29822,11245,50747,4.52
646251,0.6,1.3,0,491446,71693,33722,16666,32722,4.5
596457,0.1,0.2,0,482591,54478,28315,10380,20691,4.62
588940,0.4,1.1,0,411456,133606,32789,4314,6771,4.59
570035,0.4,0.8,0,442106,24944,15124,7901,79957,4.3
566405,2.2,4.7,0,410189,45241,30537,16583,63853,4.27
565637,0.2,0.5,0,460107,37172,21810,9842,36703,4.55
537909,1.8,4,0,359579,68669,37353,19010,53295,4.23
530144,11.2,30.3,0,420563,53010,15633,6644,34292,4.54
472888,1,2.2,0,341542,50923,28129,13939,38352,4.36
467771,0.3,0.7,0,388433,34151,16681,6656,21848,4.63
465371,0.1,0.3,0,272186,23114,15782,8430,145857,3.57
463987,0.4,0.9,0,338050,67242,18359,8241,32092,4.45
401171,0.4,0.9,0,254575,65390,27284,12019,41900,4.19
393231,0.9,1.7,0,356432,16830,6506,2768,10693,4.79
389981,0.2,0.4,0,277481,88066,17967,2328,4137,4.62
355406,0.1,0.3,0,244641,40616,24172,10846,35128,4.26
349584,0.3,0.6,0,231256,65515,21098,8965,22747,4.35
347394,0.7,1.5,0,227594,57334,27137,9633,25693,4.3
318741,2.4,6,0,244001,45906,16466,4089,8277,4.61
309585,0.7,1.5,0,245490,34351,15626,5188,8927,4.62
309495,0.5,1.2,0,177871,52454,25381,11298,42488,4.01
302263,0.1,0.3,0,189211,25983,21594,13746,51726,3.95
294708,0.2,0.4,0,194903,45471,19753,8702,25877,4.27
282749,0,0.1,0,189857,46146,23996,6930,15818,4.37
276996,0,0,0,186192,33365,18596,8124,30717,4.21
274235,0.5,1.3,0,194695,43443,12515,6727,16853,4.43
267278,0.1,0.5,0,197485,54778,10325,1865,2823,4.65
259649,0.6,1.2,0,203767,25302,11667,6012,12899,4.54
259355,1.4,2.8,0,197295,23514,6517,4181,27845,4.38
254357,0.4,1,0,201149,19660,10893,6291,16360,4.51
253597,2.3,4.3,0,182725,33730,12210,6120,18810,4.4
252406,0.9,2,0,230419,9902,3954,1793,6335,4.81
236843,1.3,2.6,0,160741,36216,10826,7118,21940,4.29
227922,0.2,0.5,0,180762,12754,9755,4957,19691,4.45
223393,2.5,5.2,0,147106,20793,12841,9124,33526,4.07
217335,0.6,1.3,0,183715,8874,5396,2478,16869,4.56
211859,10.1,22.4,0,163153,11334,8950,5898,22522,4.35
206300,0.2,0.4,0,158982,31185,8750,2866,4514,4.63
204295,6.4,19.1,0,146764,32385,10297,3590,11256,4.47
198534,6.5,13.9,0,175060,9717,4744,2486,6524,4.73
195082,2.1,5,0,131997,20385,13564,6494,22640,4.19
192768,1.9,4.6,0,118188,28403,14142,9796,22237,4.09
191039,2.7,6.3,0,141982,11168,5861,3967,28059,4.23
186288,1.6,2.9,0,156286,6201,3021,1814,18963,4.5
185206,1.9,3.4,0,126059,35591,15005,3018,5531,4.48
182925,0,0.1,0,114344,11178,9498,5539,42364,3.82
182457,0.2,0.5,0,114198,27619,13179,8689,18769,4.15
175678,0.2,0.3,0,123134,10298,7945,4302,29998,4.09
175383,0.1,0.2,0,114173,37441,11074,3328,9365,4.39
174986,1,1.8,0,126431,14308,9286,5131,19828,4.27
165123,2.8,7.9,0,137759,11970,4244,2489,8658,4.62
162168,0,0,0,115060,26941,9353,2808,8004,4.47
153253,1.7,3.6,0,105501,25607,10717,3492,7933,4.42
150210,4.1,9.1,0,106642,14192,8739,5053,15581,4.27
149105,15,30.4,0,125696,5478,4910,3370,9648,4.57
145823,1.2,2.9,0,125960,5830,3677,2013,8341,4.64
143869,4.7,9.9,0,101786,14166,8502,4669,14744,4.28
143565,0,0.1,0,92301,17788,12417,5411,15646,4.15
138804,0.8,1.6,0,104877,25249,5085,1533,2057,4.65
136193,6.7,15.6,0,93277,14631,8742,5309,14232,4.23
134349,0,0,0,82044,34240,10359,2744,4959,4.38
133033,1.4,2.9,0,97866,9935,6656,4095,14479,4.3
126650,0.1,0.4,0,68153,21284,16316,4858,16036,3.95
116320,0,0,0,74055,16364,10363,4762,10773,4.19
111317,0.5,0.5,0,69436,14523,6556,3528,17271,4.04
111047,0.2,0.3,0,66708,11294,7706,4897,20440,3.89
109878,6.1,11.5,0,74315,19208,7772,2103,6478,4.39
109101,0,0.1,0,72389,12983,8377,3143,12207,4.19
104728,0,0,0,73648,25459,3329,1049,1239,4.62
104558,3.8,7.8,0,83048,9467,3357,1624,7060,4.53
103890,0.5,0.9,0,63403,13852,8674,4367,13592,4.05
102930,1.1,2.6,0,92461,4295,2027,929,3216,4.77
101713,0.9,1.8,0,70873,6115,4916,3177,16629,4.1
100137,0,0.1,0,68495,12682,7061,2562,9335,4.28
99924,0.4,0.7,0,67221,12430,6504,2823,10944,4.22
98898,0.3,0.6,0,63985,17116,6866,3283,7645,4.28
97628,3.2,6.4,0,67743,13474,6677,2525,7206,4.35
97507,1.7,3.7,0,71134,12522,2913,1237,9698,4.38
97432,1.6,3.2,0,68369,9214,5156,2838,11852,4.23
96784,0,0.1,0,69024,13635,7012,2483,4628,4.45
94983,30,88.3,0,72273,13796,3129,1346,4437,4.56
93219,0.6,1.3,0,82594,2693,1212,646,6072,4.66
92307,0.1,0.2,0,51992,14387,8518,3209,14198,3.94
92272,15539.3,0.3,0,60808,9219,5783,3805,12655,4.1
91395,2.8,5.3,0,63844,8225,5410,3104,10810,4.22
2095571,0.5,1.2,0,1533255,214021,101552,53016,193725,4.36
1756400,0.2,0.6,0,962204,189700,103402,72602,428489,3.67
1576348,0.5,0.7,0,1105281,311948,78869,24813,55435,4.51
1576348,0.5,0.7,0,432066,90340,39912,15917,69906,4.51
1576348,0.5,0.7,0,408570,47577,16761,6353,18469,4.51
1395524,0.7,1.6,0,963845,193536,78854,36877,122410,4.32
1120874,0,0.1,0,703968,191418,84231,34897,106358,4.21
1066484,0.1,0.3,0,790349,173398,53929,15278,33527,4.57
863446,2.6,6.2,0,593833,78143,46322,27757,117389,4.16
833513,2.2,5.3,0,634927,109546,30343,16253,42441,4.53
648144,0,0,0,1105281,311948,78869,24813,55435,4.23
648144,0,0,0,432066,90340,39912,15917,69906,4.23
648144,0,0,0,408570,47577,16761,6353,18469,4.23
640744,1,2.2,0,442260,117497,37079,13354,30552,4.45
558155,0,0.1,0,437316,91620,19548,3389,6279,4.7
552246,0.9,2.5,0,423267,57548,24886,10084,36459,4.49
520482,1.2,1.9,0,387835,86497,22455,7049,16644,4.58
497732,1.1,2.6,0,1105281,311948,78869,24813,55435,4.65
497732,1.1,2.6,0,432066,90340,39912,15917,69906,4.65
497732,1.1,2.6,0,408570,47577,16761,6353,18469,4.65
494898,0.6,1.2,0,347113,86346,30669,9084,21683,4.47
488591,0.8,1.9,0,399382,31069,9279,6049,42809,4.51
469753,0,0,0,342790,41145,25513,13298,47005,4.32
469282,3,5,0,376619,50048,13116,6299,23197,4.6
455528,1.6,3.1,0,277736,45889,25538,14753,91609,3.89
448786,0.1,0.3,0,314368,91964,24250,5847,12355,4.54
403260,0.4,0.7,0,297701,67830,20540,4800,12386,4.57
403260,0.4,0.7,0,241434,65691,20182,7769,17376,4.57
373546,0.2,0.4,0,279434,46745,11603,5876,29884,4.45
352455,0.1,0.2,0,297701,67830,20540,4800,12386,4.44
352455,0.1,0.2,0,241434,65691,20182,7769,17376,4.44
350038,0.1,0.2,0,257688,35649,17769,7549,31379,4.37
337359,0.2,0.3,0,226350,33959,12165,8180,56702,4.08
323117,0.2,0.9,0,183861,41538,23752,9892,64071,3.84
312718,0.1,0.3,0,245984,49788,9036,2286,5621,4.69
311766,0,0.1,0,205329,59547,18575,7013,21299,4.35
307278,3.6,11.2,0,256974,32056,10423,2561,5261,4.73
305932,2.7,6.2,0,242077,41812,8352,3343,10346,4.64
303103,0.4,1,0,237226,24629,11782,6338,23126,4.47
289395,0.1,0.3,0,182578,41909,20389,10034,34482,4.13
281205,0.8,1.8,0,181358,27280,18064,11478,43023,4.04
261850,0.3,0.6,0,174842,36811,18560,8567,23068,4.27
258162,1.1,2.2,0,185646,26731,10004,5815,29963,4.29
250885,7.2,14.3,0,213020,11499,6601,3106,16657,4.6
243349,7.1,23,0,200960,15474,10562,4523,11827,4.6
243022,0.5,1.2,0,158710,26096,11836,6062,40315,4.06
237290,0.5,1,0,154997,28244,14716,7348,31983,4.12
229621,0.3,0.7,0,151592,29078,11161,5684,32104,4.14
227750,0.7,1.5,0,166986,43722,8461,2424,6156,4.59
224406,0.1,0.3,0,153066,44243,13048,4969,9078,4.46
219712,2,4.2,0,172564,27565,9081,3057,7443,4.61
207711,0.9,2.3,0,140865,13924,11882,7214,33824,4.06
202266,0.1,0.2,0,146008,24164,8008,4179,19905,4.35
201275,2,4.3,0,167188,13872,6881,3545,9787,4.62
198472,2.4,5.4,0,150157,28419,11648,3113,5132,4.59
187720,1.1,2.3,0,115303,19763,10016,6767,35868,3.92
177043,90.9,0,0,121849,34906,10273,3117,6895,4.48
173896,0.2,0.5,0,97021,13857,10667,6218,46130,3.63
173053,1.4,3.2,0,131365,20319,7452,4075,9839,4.5
172214,0.2,0.4,0,135829,21802,6771,2217,5592,4.63
172214,0.2,0.4,0,121654,32118,6419,1279,3109,4.63
172214,0.2,0.4,0,120414,24300,4744,1166,2870,4.63
170795,0,0.1,0,112217,21021,10406,6267,20882,4.16
164582,0,0.1,0,135829,21802,6771,2217,5592,4.63
164582,0,0.1,0,121654,32118,6419,1279,3109,4.63
164582,0,0.1,0,120414,24300,4744,1166,2870,4.63
163407,0.1,0.2,0,123647,22528,8705,2558,5966,4.56
161525,3.2,7.3,0,108705,32225,10481,3267,6844,4.44
155284,0.2,0.6,0,117610,10123,6545,3872,17131,4.33
153496,3.9,6.7,0,135829,21802,6771,2217,5592,4.68
153496,3.9,6.7,0,121654,32118,6419,1279,3109,4.68
153496,3.9,6.7,0,120414,24300,4744,1166,2870,4.68
152574,1,1.8,0,113812,23950,7325,2352,5132,4.57
151637,0.1,0.3,0,102146,25728,12919,2965,7877,4.39
148955,1.8,3.8,0,123486,9793,5810,2535,7327,4.61
148422,2.1,3.4,0,123397,16423,3836,1405,3358,4.72
148368,1.9,4,0,134222,7688,2384,1132,2940,4.81
146504,0.1,0.2,2.99,108627,25330,5696,2743,4105,4.58
143401,0.1,0.2,0,86241,19241,9740,5699,22478,3.98
143241,1.3,2.6,0,113139,19002,5459,1626,4012,4.64
139406,0.5,1.1,0,103974,22432,6574,1613,4811,4.57
139406,0.5,1.1,0,92957,20349,4987,1306,3760,4.57
138404,1.8,4.1,0,111502,14062,5380,2108,5350,4.62
136809,0.2,0.6,0,91660,18580,10991,3630,11946,4.27
136246,1.2,3.2,0,115261,11793,3907,1325,3957,4.71
135924,0.2,0.6,0,101860,25175,4034,1378,3475,4.62
127611,0,0.1,0,97334,11624,5407,3598,9645,4.44
127589,0,0,0,76270,26367,12236,3600,9114,4.23
126103,0.3,0.6,0,82726,19790,9530,3686,10369,4.28
123361,1.2,2.6,0,103974,22432,6574,1613,4811,4.6
123361,1.2,2.6,0,92957,20349,4987,1306,3760,4.6
118878,1.3,2.5,0,83916,13702,6546,3118,11593,4.31
116742,0,0,0,71102,19586,9803,2838,13411,4.13
116242,0.6,0.5,0,58449,17142,13257,6354,21037,3.74
113673,4.6,10.3,0,77547,12718,5694,5245,12468,4.21
113579,0,0.1,0,63094,32072,11980,1960,4470,4.3
113285,0.2,0.6,0,75164,15699,7670,2802,11948,4.23
113155,0.2,0.4,0,84000,12556,4172,2046,10380,4.39
111685,1.6,3.4,0,63580,31441,10061,2034,4567,4.32
107496,0.3,0.6,0,67556,14098,8377,3165,14298,4.09
106005,0.2,0.5,0,68699,14918,7598,3874,10914,4.19
105591,1,2.7,0,62320,14376,7997,3364,17531,3.95
105515,0.7,1.4,0,93175,6607,2388,1084,2258,4.78
105501,0.4,0.9,0,80062,17295,3387,1438,3317,4.61
103645,0.2,0.4,0,66055,25439,6754,1688,3706,4.43
101296,2.9,8.4,0,74275,13505,4405,1644,7465,4.44
100602,0.3,0.3,0,69721,20324,5572,1248,3735,4.5
98731,1.6,3.2,0,66082,14577,8338,2855,6875,4.32
98416,0.5,1,0,65524,11878,5610,4452,10950,4.18
98416,0.5,1,0,82855,7921,2670,1141,3146,4.18
98416,0.5,1,0,78790,5954,1902,956,2425,4.18
97735,3.9,7.8,0,65524,11878,5610,4452,10950,4.7
97735,3.9,7.8,0,82855,7921,2670,1141,3146,4.7
97735,3.9,7.8,0,78790,5954,1902,956,2425,4.7
95738,0.8,1.7,0,67982,20921,3342,1346,2145,4.58
94249,2.1,4.5,0,70322,13475,5430,1726,3294,4.55
93910,0.1,0.2,0,66945,9827,9038,2059,6038,4.38
91638,0,0.1,0,59868,16329,6839,2379,6219,4.32
90588,0,0,0,56325,19524,8896,2109,3731,4.35
90029,11.8,27.5,0,65524,11878,5610,4452,10950,4.75
90029,11.8,27.5,0,82855,7921,2670,1141,3146,4.75
90029,11.8,27.5,0,78790,5954,1902,956,2425,4.75
2563915,0.3,0.7,0,1814947,300825,110222,50967,286951,4.29
1792212,0.7,1.6,0,1263458,251809,100067,44114,132761,4.38
1498979,0.8,1.5,0,1185864,112435,46330,23783,130564,4.47
1487569,0.1,0.2,0,1080016,109806,68325,41191,188229,4.25
1476587,0.3,0.7,0,1103596,155813,83125,33116,100935,4.44
1395163,0.6,1.4,0,1051216,176597,80629,28236,58482,4.53
1235181,1.1,2.2,0,914805,201226,77522,14075,27551,4.59
1002202,0.2,0.6,0,648706,60221,44110,37068,212095,3.89
907446,0.9,1.7,0,658045,149715,51754,13672,34257,4.52
811503,2,4.8,0,664863,75609,26264,10717,34047,4.63
748641,0.1,0.2,0,555658,100193,37189,15356,40242,4.49
747773,0.7,1.5,0,525806,87637,42055,19254,73019,4.3
656331,0.7,1.4,0,454055,93991,47200,19253,41830,4.37
638226,0.9,1.7,0,467998,104943,37982,7955,19345,4.56
605951,0.9,1.4,0,415148,72947,38437,19398,60018,4.26
583401,0,0.1,0,380202,79680,41608,16803,65105,4.19
553700,0.4,1,0,460009,43505,14664,7387,28133,4.63
544602,0,0.1,0,392347,100886,26522,5634,19210,4.55
490612,0.2,0.5,0,341161,68553,31256,15138,34501,4.36
477941,0.7,1.6,0,374056,56431,20691,7809,18953,4.59
466565,1.2,2.1,0,361433,47345,27520,8884,21381,4.54
454806,0,0,0,367099,33299,22236,6989,25181,4.56
427360,0.4,1,0,295449,50195,34082,13142,34489,4.31
419956,0.4,0.8,0,298409,43575,25216,10824,41930,4.3
417288,0.6,1.1,0,286103,55598,25042,14793,35750,4.3
402257,0,0,0,304175,52497,17452,6363,21768,4.52
401779,0,0,0,280763,56584,27307,9045,28077,4.38
393594,0.1,0.2,0,309026,26528,16903,8426,32708,4.45
393075,1.4,3.1,0,269406,48602,28089,10022,36953,4.28
383237,1.1,2.7,0,280190,46244,20966,9989,25846,4.42
374996,0.4,0.8,0,257625,46217,23064,11368,36720,4.27
367139,0.1,0.7,0,278020,55733,18514,4394,10475,4.6
346951,0.9,1.8,0,245762,46592,21632,9772,23191,4.39
326484,1,2.1,0,288491,16223,6933,3226,11608,4.74
323374,1.6,3.6,0,238209,24271,13368,8406,39117,4.28
316657,0.2,0.5,0,218480,35402,19799,10788,32186,4.25
316103,0.1,0.2,0,252622,34018,12642,4267,12552,4.61
302091,1,2.3,0,246164,13179,6380,3768,32598,4.45
289796,0.5,1.3,0,206958,29858,13254,4898,34826,4.27
289540,4.2,10.1,0,224239,35562,14838,4456,10442,4.58
272210,6.9,16.5,0,237403,17220,6387,2523,8674,4.73
266239,1.5,3.2,0,194536,29405,12872,5600,23824,4.37
261649,0.5,1.3,0,187296,36299,18329,5050,14673,4.44
261231,1.1,2.5,0,216166,23601,8677,2869,9916,4.66
257230,3.2,9.2,0,196111,31580,12390,3736,13411,4.53
251504,0.6,2.1,0,185875,25178,9258,3404,27786,4.34
232488,7.2,15,0,157836,31045,19231,7211,17162,4.31
226544,5.4,13.7,0,193676,7889,5233,3657,16086,4.59
210708,0.1,0.3,0,160491,22448,10939,3583,13245,4.49
209875,1.3,2.7,0,166629,16366,6522,3341,17015,4.49
208792,1.2,2.3,0,150606,20686,11351,5321,20826,4.32
206933,1.2,2.6,0,171828,18260,7274,2634,6935,4.67
206831,0.3,0.5,0,146519,19097,7418,4029,29765,4.2
206215,0.3,0.6,0,188876,7861,3876,1265,4334,4.82
203456,0.2,0.5,0,147321,26969,13889,3751,11524,4.45
196421,0.6,1.1,0,168530,8722,4938,2379,11849,4.63
189667,0,0,0,127862,19866,11819,6229,23889,4.17
181512,0.5,1,0,140249,20511,10115,3618,7016,4.56
176968,0.8,1.6,0,136961,21328,8019,2828,7830,4.56
175464,1.2,2.9,0,137808,11815,5198,3418,17223,4.42
174429,0.8,2.1,0,152778,8558,3497,1713,7881,4.7
173372,0,48.1,0,126641,21236,10953,4057,10483,4.44
171067,0.4,0.9,0,105459,26234,13027,4149,22195,4.1
169473,0.3,0.6,0,144188,10372,4778,2160,7973,4.66
169398,1.4,3.1,0,118927,19216,10587,5279,15387,4.3
167140,1.5,3.2,0,119330,18420,8458,3905,17025,4.31
154097,0,0,0,119094,21254,7367,2113,4266,4.61
146419,0.1,0.1,0,84888,14103,13243,5677,28506,3.83
146033,0.1,0.7,0,97688,16991,8575,3408,19369,4.17
145246,0.3,0.3,0,87790,17576,12977,5672,21228,4
141373,18.4,36.9,0,83170,26080,14386,5285,12449,4.15
138603,1.3,2.9,0,93435,7709,4657,2652,30147,3.95
137907,0.6,1.6,0,125159,5459,2319,1049,3919,4.79
137620,0,0,0,93065,17190,6716,3857,16790,4.21
135368,0.1,0.3,0,99806,11947,6958,2839,13816,4.34
133125,3.2,7.7,0,98052,19039,8788,2448,4797,4.53
132533,1.9,4.4,0,98883,18304,8323,2473,4548,4.54
131637,0,0,0,85194,22081,10690,4120,9550,4.29
125668,0,0.1,0,88624,15623,6562,2768,12088,4.32
125267,0.2,0.3,0,91547,14749,7199,3289,8479,4.42
120559,1.1,2.4,0,109036,5206,2358,939,3017,4.79
119265,4.2,9,0,98550,10041,4162,1667,4843,4.64
116799,0,0,0,103602,5880,2003,797,4515,4.74
116702,1.4,2.6,0,100686,7277,4447,1508,2780,4.73
116519,0.1,0.1,0,93670,13377,3196,1618,4655,4.63
115882,0.8,1.4,0,89246,15887,5739,1709,3299,4.61
112924,99.1,5.1,0,97965,5893,3021,1465,4577,4.69
107239,0.1,0.3,0,79670,14806,3721,2015,7024,4.47
106532,0.5,0.8,0,84301,6325,3801,2773,9329,4.44
106217,8.4,19.6,0,75028,8589,4447,3118,15033,4.18
103281,0,0,0,78185,10290,5224,1978,7602,4.45
102726,6.1,14.2,0,93248,4887,1510,764,2314,4.81
102312,0,0,0,76788,11130,5196,2333,6862,4.45
100896,0.3,0.5,0,72149,11548,3639,1749,11808,4.29
100545,5.4,18.4,0,80849,10063,4315,1343,3972,4.62
99440,0,0,0,71902,12048,6509,2569,6409,4.41
98839,0.2,0.3,0,78485,14278,3377,739,1958,4.69
95001,3.1,7.8,0,85841,3886,2085,855,2331,4.79
94585,0.1,0.2,0,48360,8091,7458,4906,25768,3.51
94310,0.2,0.3,0,78573,7148,2949,1389,4249,4.64
30859251,0.7,1.6,0,23521533,4128497,1484852,457810,1266557,4.56
16715691,0.3,0.6,0,12245585,1517427,845986,445084,1661606,4.33
12866276,0.7,1.5,0,9026260,1080309,639206,393974,1726524,4.19
11955303,0.2,0.5,0,8872129,1242739,602283,298057,940093,4.41
11449723,0.3,0.5,0,8147778,1063304,691763,335246,1211630,4.28
10647190,0.1,0.1,0,7892782,1106289,539035,232383,876698,4.4
10561106,1,2.5,0,7477650,1401119,583497,252414,846424,4.36
9950630,1.7,3.9,0,6974932,1342886,575548,244526,812736,4.35
9014495,0.5,1.1,0,7016344,1171316,426099,123431,277303,4.61
8202126,0.5,1,0,5628046,953132,466013,246865,908068,4.24
8005959,0.5,1.1,0,5985441,1147501,417925,126849,328241,4.54
6886372,0.5,1.1,0,5078987,736172,336369,159939,574903,4.39
5667376,0.5,1.2,0,4013034,704002,310467,146199,493671,4.34
5482333,3.3,8.1,0,4000193,562618,270061,119111,530347,4.35
4112331,0.7,1.5,0,3192359,423771,197104,83197,215897,4.53
4073314,0.1,0.2,0,2656080,485913,255723,140120,535476,4.13
3980631,0.1,0.1,0,2565110,391807,250411,132185,641116,4.03
3465392,0.1,0.2,0,2718524,398371,151104,54872,142518,4.59
3452778,2.2,5.2,0,2533867,280936,162604,106373,368995,4.3
2963865,2.3,5.1,0,2284162,274676,110460,52183,242381,4.45
2951211,0.1,0.1,0,2181705,442742,186683,45095,94983,4.55
2899465,0.3,0.7,0,1990779,407736,193279,85960,221709,4.33
2229993,0.7,1.4,0,1441613,187503,140242,98837,361797,4.01
2108014,1.3,3,0,1472413,289634,137654,57338,150972,4.36
2069636,0.5,1,0,1639502,251483,72474,30765,75410,4.62
1997711,0.1,0.3,0,1672089,178085,53931,21287,72317,4.68
1897418,0,0.1,0,1399020,245726,111900,40021,100748,4.48
1779823,0.1,0.2,0,1265899,194458,107736,45362,166366,4.32
1675066,6.7,15.3,0,1259998,126168,73134,47983,167780,4.35
1656109,0.8,2.1,0,1248261,240440,82183,26117,59105,4.57
1614657,0.3,0.6,0,1195262,134471,76803,43785,164334,4.33
1427317,0.1,0.3,0,1050004,141321,63912,32915,139163,4.35
1427170,0.2,0.4,0,980502,145735,80907,46068,173955,4.2
1404198,4,8.8,0,979410,153452,101560,47772,122001,4.3
1377520,0,0.1,0,984008,256191,76884,15668,44766,4.54
1322600,0.2,0.5,0,954263,190627,81072,27703,68933,4.46
1217145,0,0.1,0,882652,199954,79809,18828,35899,4.54
1130457,466.9,0.5,0,818274,186770,70036,19493,35881,4.53
1112763,0.9,2,0,794537,95246,60467,38517,123994,4.26
1099414,0,0.1,0,812935,144103,64586,23149,54639,4.49
1079008,7.1,15.2,0,841957,112388,42627,17815,64217,4.53
1004386,0.3,0.6,0,781989,107458,46194,17055,51687,4.54
943921,0.1,0.2,0,690404,101286,60344,21720,70165,4.4
940123,0.1,0.2,0,729621,81455,45412,19479,64153,4.48
939058,3.3,8.2,0,650256,69216,30950,19507,169127,4.08
932651,0.5,1.3,0,670484,97397,56072,26616,82079,4.34
928240,1.5,3.4,0,559592,79195,64593,50536,174321,3.86
917760,0.4,0.8,0,567205,114605,76366,38368,121214,4.05
873956,0.4,1.1,0,565464,120707,68900,31812,87070,4.2
872342,0.2,0.4,0,586328,90434,60186,27623,107769,4.17
866289,2.8,6,0,613728,112173,52293,24120,63971,4.37
857288,1.4,2.7,0,604830,114918,54305,22889,60343,4.38
817547,2,5.3,0,641650,61957,31403,19369,63166,4.47
780001,0,0,0,509966,143137,66340,22393,38164,4.36
773004,0.3,0.6,0,526515,85256,54547,29018,77666,4.23
770105,0.7,1.9,0,678632,38323,15403,7327,30417,4.72
758992,9.6,18.3,0,561217,87868,50523,17397,41984,4.46
748407,0.2,0.5,0,413732,146967,64962,33766,88977,4.02
711848,0.1,0.2,0,516082,90645,43043,17297,44779,4.43
685607,0,0,0,553124,94327,21235,5076,11842,4.71
678631,0,0.1,0,431803,90825,55961,24391,75649,4.15
668040,0.2,0.3,0,493581,81642,38377,15600,38837,4.46
665015,0,0.1,0,484377,78121,35161,17295,50058,4.4
661798,2,3.9,0,442539,74732,49536,24389,70599,4.2
656887,0.2,0.4,0,451989,82929,43740,19634,58593,4.29
655267,0,0,0,497926,57351,30178,13556,56253,4.41
645655,0.3,0.6,0,466872,78013,34252,16911,49605,4.39
640188,0.9,2,0,440544,54234,38730,25077,81600,4.17
627413,0,0.2,0,455933,74231,44239,16811,36197,4.43
621375,1.1,2.5,0,433969,70396,36180,18379,62448,4.28
609454,1.5,3.1,0,427796,46115,30763,21759,83018,4.17
603317,0,0.1,0,462873,58916,33280,11739,36507,4.49
601798,0,0.1,0,458456,64170,35837,11033,32300,4.5
568109,0.2,0.4,0,445665,65483,25062,9553,22344,4.59
567244,0.1,0.2,0,364422,55155,39091,19680,88892,4.03
566659,2.6,5,0,421578,54023,26027,15201,49828,4.38
563579,0.5,1,0,393198,118361,23060,7866,21091,4.52
539116,0.2,0.4,0,390341,49797,35313,15723,47939,4.33
534809,0.6,1.3,0,387570,84706,31210,10583,20737,4.51
529462,0.2,0.4,0,391151,63222,33625,11914,29547,4.46
527049,1453.5,0,0,332843,78343,48456,16871,50534,4.19
518539,0.3,0.8,0,329067,64499,41717,21493,61760,4.11
513638,0.6,1.1,0,364260,52175,34067,17048,46086,4.31
509978,0.4,0.9,0,352612,64166,35874,15964,41359,4.32
509978,0.4,0.9,0,335314,60059,31369,14339,40569,4.32
501409,1,2.9,0,331666,74775,48400,15714,30851,4.32
497474,0,0,0,220936,146987,82298,15011,32240,4.02
495203,6.1,14.8,0,385434,18363,10571,9044,71789,4.29
492929,6.2,14.2,0,316922,73052,39159,18277,45516,4.21
481652,0.7,1.5,0,352612,64166,35874,15964,41359,4.32
481652,0.7,1.5,0,335314,60059,31369,14339,40569,4.32
475062,0.1,0.2,0,334739,45217,31281,13596,50226,4.26
474984,0.2,0.3,0,355913,44709,26473,11737,36151,4.42
468960,0,0.1,0,348423,68635,30331,5305,16264,4.55
461259,0,0,0,305532,62585,38610,15910,38620,4.26
458061,0.1,0.2,0,279121,72996,41816,20633,43494,4.14
455889,0.6,1.3,0,272847,45974,33678,22449,80938,3.89
455667,0.3,0.6,0,334313,41595,24035,13331,42391,4.34
444030,0,0,0,226402,43479,36352,17761,120033,3.54
439524,0.4,0.7,0,259645,61407,38524,19077,60868,4
437733,3.9,8.2,0,295802,35475,23095,15168,68191,4.09
429996,0.1,0.2,0,310114,47203,25825,10204,36649,4.36
1513301,1,2.2,0,1014871,167033,100228,57066,174100,4.18
1320352,13,35.1,0,939834,153976,73728,36267,116544,4.34
749260,0.6,1.7,0,555043,65904,40083,22812,65416,4.36
571326,0,0,0,395439,71626,37915,15445,50899,4.3
515555,0.4,0.9,0,328964,67727,36670,19022,63170,4.13
433892,4.3,10.2,0,310372,35284,21160,15650,51424,4.24
331474,0.5,1.1,0,222142,37937,21468,13408,36517,4.19
284554,2.8,5.9,0,211215,18039,11619,9565,34114,4.27
201369,2.8,5.8,0,135299,15707,11313,8966,30082,4.08
197882,1555.5,4.2,0,126824,18698,12183,9423,30752,4.02
192063,4.1,8.7,0,144208,14142,7921,5555,20234,4.34
188835,4.4,9.2,0,144308,15516,8064,4787,16158,4.41
185203,0,0,0,129717,16472,12731,5767,20513,4.24
184654,11.9,25.3,0,145021,10174,6530,4728,18198,4.4
181190,3.4,6.4,0,124157,14444,9288,7722,25576,4.13
166562,2.7,6,0,126840,10536,6749,5238,17196,4.35
158043,1.2,2.4,0,110431,11763,7798,6690,21359,4.16
156922,0.6,1.5,0,148058,6185,1428,369,879,4.91
153210,3.9,9.1,0,108230,14172,8237,5200,17368,4.24
152278,15.9,52.4,0,119489,8873,5583,4753,13578,4.42
146510,4.2,9.8,0,96771,12289,8166,6309,22972,4.05
142956,3.3,7.8,0,105098,8693,6007,4956,18200,4.24
140760,4.6,11.1,0,106728,8162,5557,4901,15410,4.32
136091,2.9,6.6,0,93045,10292,7361,6377,19014,4.12
135195,1.9,4,0,100721,8668,6348,4759,14697,4.3
135159,0.1,0.2,0,103440,13930,7255,2758,7774,4.5
133569,5.8,11.5,0,90218,10730,7013,5814,19792,4.09
132466,4.5,11.4,0,101940,20340,5445,1284,3454,4.63
128305,2.2,4.8,0,92392,8105,5231,4236,18339,4.18
124307,6.3,13.3,0,83409,12126,7707,5369,15693,4.14
123643,2.4,5.2,0,93467,8256,5015,3819,13083,4.34
121408,12.4,27.4,0,91132,9175,5426,3481,12191,4.35
119793,3703,3.9,0,88505,5954,5186,3600,16546,4.22
119198,4,8.9,0,85935,7902,5490,4424,15445,4.21
117044,4.9,10.2,0,77434,10918,12773,4076,11841,4.18
106097,0,0,0,76034,12775,7076,2185,8024,4.38
106082,5,11.4,0,72267,8218,4609,3628,17358,4.08
106059,0.7,1.3,0,75230,19812,5497,1769,3748,4.52
103238,0,0,0,74370,10963,5881,2037,9985,4.33
97463,3.1,6.8,0,85024,4446,1678,949,5365,4.67
96204,3.5,6.7,0,72413,13229,4889,1527,4145,4.54
92826,50.7,0,0,76045,6405,3335,1345,5694,4.57
90592,0.1,0.2,0,55785,8711,7402,4195,14495,3.96
90035,2.5,4.3,0,69615,5547,4057,2558,8255,4.4
89642,0,0.1,0,55931,7417,5634,4400,16257,3.92
85076,3.4,7,0,64689,9702,3577,1883,5223,4.49
83307,1.8,4.5,0,59048,7047,4001,3195,10013,4.22
81405,6.5,14.3,0,57877,5764,3843,3146,10773,4.19
81072,3.1,6.5,0,62452,5173,3495,2423,7527,4.39
81037,1.8,4.2,0,56822,5443,3957,3389,11424,4.15
80715,0.9,2.5,0,70467,6072,1658,719,1797,4.77
79162,13.1,38.3,0,67538,7310,1610,605,2098,4.74
78072,2.4,5,0,58938,5015,3207,2387,8522,4.33
77905,0.2,0.3,0,42599,14699,9073,3327,8204,4.03
75816,0.6,1.3,0,46408,6512,5453,4195,13245,3.91
75574,0,0.1,0,45294,6858,6029,3703,13687,3.88
75365,2.9,5.5,0,48466,6017,4752,3586,12542,3.99
75306,0.1,0.2,0,53460,7275,6406,2105,6057,4.33
75151,0.1,0.1,0,54461,6396,4837,1809,7646,4.31
74296,5.2,14,0,53487,5184,3436,3128,9058,4.22
72914,0.3,0.7,0,43203,15449,6521,2386,5352,4.22
70153,0.5,1.3,0,53978,4210,2339,1672,7952,4.35
68459,8.4,19.5,0,37348,6888,5883,4611,13727,3.72
68341,0.8,1.6,0,51490,4766,2881,2054,7149,4.34
67370,0.6,1.4,0,50050,6981,3036,1697,5603,4.4
65335,0.3,0.5,0,35732,7790,5700,3820,12290,3.78
64791,2.5,5.1,0,44440,5887,3528,2528,8406,4.16
63527,2.4,5.4,0,43289,5877,3420,2356,8582,4.15
62539,0,0.1,0,50570,5095,2667,959,3246,4.58
62200,202.9,0,0,40010,6526,5667,2778,7216,4.11
62109,0.6,1.4,0,41722,5593,3605,2247,8939,4.11
61992,1.6,3.4,0,54610,4331,1182,397,1470,4.78
61666,0.2,0.3,0,43238,5403,3316,2017,7690,4.21
61624,3.9,8.1,0,37561,5193,4132,3230,11506,3.88
61196,1.2,2.6,0,44376,5622,3274,1691,6230,4.31
57996,26.8,605.1,0,40743,4476,2753,2578,7444,4.18
57843,6.6,17.2,0,35613,4938,4467,3839,8984,3.94
57740,7.5,16.5,0,43385,3427,2792,1884,6249,4.31
57615,0,0,0,39247,5534,3978,1944,6910,4.18
57158,3.1,7.3,0,42791,3636,2486,2021,6222,4.31
56088,0.1,0.1,0,37761,6032,3705,1937,6651,4.18
55852,0.9,2.1,0,38852,3756,2630,2152,8460,4.12
55043,1.2,2.6,0,41292,2977,2368,2008,6395,4.29
54895,4.4,10.9,0,36679,4541,3064,2330,8279,4.07
53661,0.7,1.6,0,40785,2714,1789,1620,6751,4.29
52947,5.6,12.3,0,32205,6155,4399,3142,7043,4.01
52165,2.4,5.1,0,36434,3309,2352,2173,7895,4.12
51577,0.1,0.4,0,41757,5069,1859,579,2309,4.62
51147,3.9,9,0,36374,4253,2676,1576,6265,4.23
50859,4.5,8.3,0,44723,4611,707,288,527,4.82
50523,5.6,13.6,0,28316,4216,3837,3368,10784,3.71
50320,4130.4,8.1,0,36062,3285,2489,1961,6521,4.2
50087,0.5,0.9,0,37257,6717,2401,932,2778,4.49
49846,4.9,9.5,0,33433,5470,2999,2092,5849,4.17
49415,0,0,0,31361,10000,4066,1049,2937,4.33
49288,0,0,0,30717,4685,4345,2307,7232,4
49223,14.1,103.9,0,34402,4107,2829,1980,5902,4.2
48792,4.9,11.4,0,36202,3349,2282,1525,5432,4.3
48762,3.2,7.3,0,33603,3485,2838,2051,6782,4.13
48699,0.1,0.2,0,33325,3995,3406,1638,6333,4.16
2280709,4,9.3,0,1657744,206783,119112,70162,226906,4.31
2246262,3.1,6.6,0,1508894,209730,143330,85550,298755,4.13
1353138,0.3,0.7,0,1089404,129231,50394,21723,62384,4.6
1272670,0.4,0.9,0,856088,112720,67624,35566,200669,4.09
1083655,0.5,1.2,0,636480,121675,81459,52725,191313,3.89
660119,0.2,0.5,0,494049,66399,35831,17337,46499,4.43
639715,0,0.1,0,417024,83532,63936,16283,58937,4.22
636362,2.7,7.5,0,413438,64995,42566,27709,87651,4.08
604697,0.4,0.9,0,345647,57138,43941,24981,132988,3.76
570211,0.1,0.2,0,463716,47774,17694,9966,31059,4.58
551373,0.1,0.3,0,460854,43281,16062,7751,23423,4.65
403138,0,0,0,278623,59735,23680,12184,28913,4.36
374680,4.4,9.5,0,278773,34133,16966,10812,33993,4.37
374105,2.1,4.9,0,275763,36288,19470,10782,31799,4.37
372544,0,0,0,225397,54149,37918,16849,38228,4.1
362215,0.2,0.9,0,292934,20624,13557,7187,27911,4.5
299581,3.2,6.7,0,193501,41592,23143,11373,29971,4.19
282811,3,7,0,214693,24606,14314,7400,21795,4.42
264177,1.9,5.8,0,227601,14388,6639,3279,12268,4.67
251604,0.6,1.2,0,141255,21716,15483,8830,64319,3.66
239614,0,0,0,135664,33533,30275,10115,30025,3.98
238331,0.4,1,0,161608,25222,17428,9167,24904,4.21
235158,0.7,1.6,0,146292,36227,18243,8414,25980,4.14
229838,0.1,0.3,0,150988,15398,10974,6830,45646,3.95
216204,0.7,1.7,0,141765,22948,14150,9437,27901,4.12
208037,0,0.1,0,125227,30694,21789,7716,22608,4.1
198615,0.9,1.7,0,133295,24059,12299,6858,22102,4.21
189141,0,0.3,0,144623,14306,8681,4575,16953,4.4
165807,0.2,0.5,0,90329,17684,12946,9136,35708,3.71
159233,2.1,5.1,0,102229,15653,10302,6655,24391,4.03
157011,1,2.3,0,112496,21245,9078,3736,10453,4.41
150967,0,0,0,103071,19294,9930,4126,14543,4.27
149646,0,0,0,85791,23965,13835,7282,18770,4.01
138467,0.2,0.5,0,96074,12564,7795,5416,16616,4.2
138031,0.2,0.6,0,74593,19075,13053,8279,23030,3.83
129382,0.5,1.1,0,101443,13994,5559,2315,6068,4.56
127075,19.5,69.3,0,98709,9621,5679,3233,9831,4.45
126028,0.8,1.3,0,88931,16859,7224,3347,9665,4.37
125890,4.8,10.9,0,79805,10312,8930,6098,20743,3.97
123392,0.9,2.4,0,74005,13612,10826,6381,18566,3.96
117454,3.5,8.8,0,89710,10233,5935,2948,8625,4.44
116128,36,0,0,97822,11107,3910,1236,2050,4.73
112497,1.1,2.6,0,75413,10457,6898,4794,14933,4.13
112418,0.2,0.6,0,59237,12422,9924,6791,24042,3.68
110650,0.7,1.9,0,76944,9972,6905,3977,12850,4.21
109687,1,2.2,1.99,86420,12246,4534,1999,4484,4.59
106890,0.8,1.8,0,58503,11196,7407,5028,24753,3.69
106670,0.4,0.8,0,68238,16437,8053,3847,10092,4.21
105886,0,0.1,0,73633,12237,6638,3819,9557,4.29
103881,0.1,0.3,0,44324,6906,6996,5536,40117,3.09
101978,0.1,0.2,0,66375,10573,6733,3431,14863,4.08
99102,0,0,0,67064,18868,6799,2159,4209,4.44
97862,2.1,3.5,0,77442,10054,3814,1797,4752,4.57
97582,10.1,24.9,0,71387,9631,5543,2563,8456,4.36
97334,0,0,0,64373,12251,8926,3554,8227,4.24
92037,2.4,5.6,0,61225,9038,5761,3645,12366,4.12
86709,0,0,0,56157,12078,6433,3226,8811,4.19
84491,2,3.2,0,57200,10366,5288,2958,8677,4.24
83998,2.2,4.8,0,51746,6528,5222,3986,16514,3.87
82931,5,11.7,0,69244,9081,2391,734,1478,4.73
81818,1,2.6,0,59728,6698,4096,2492,8801,4.3
79106,2,5,0,61861,7048,2761,1702,5731,4.49
71018,0.1,0.1,0,37310,8913,10270,2974,11548,3.81
71013,0,0,0,51360,7677,4178,1849,5947,4.36
69141,0.1,0.1,0,51188,9066,5367,1039,2478,4.52
67291,1.6,3.9,0,39263,11047,6480,3409,7089,4.07
64974,0.2,0.6,0,44927,8420,4334,2077,5213,4.32
64650,2.3,7,0,52372,4367,1969,1074,4865,4.52
60776,0.1,0.2,0,38339,6594,5467,2404,7971,4.07
60332,4,10.4,0,48922,3626,1858,1188,4735,4.51
56970,0,0,0,31299,9252,9671,2455,4291,4.07
55936,0.2,0.4,0,45276,5129,2099,1069,2359,4.61
55378,0,0,0,30665,15762,5483,1748,1718,4.3
54756,0.3,0.6,0,34534,7296,4717,1929,6277,4.13
54530,1,2.5,0,36769,7367,4612,1807,3973,4.3
53622,0.2,0.8,0,28645,3748,4107,2861,14257,3.55
53605,63.4,325.8,0,44877,3246,1772,934,2774,4.61
52640,0.3,0.6,0,31400,6733,3766,2287,8451,3.96
52534,0.5,0.9,0,27071,6485,5016,3357,10602,3.69
51509,2.7,6.1,0,36346,5533,3525,1648,4454,4.31
50085,0,0.1,0,22571,4851,4981,4751,12928,3.39
47537,3.7,9.6,0,26346,5156,3451,2760,9820,3.75
47417,0,0,0,31983,5204,3240,1166,5822,4.19
47105,0.2,0.4,0,37904,5010,1980,780,1430,4.64
45177,4.1,7.7,0,21898,6079,4649,2569,9979,3.61
45012,0,0,0,22296,4339,4409,2816,11148,3.53
44633,4.1,5.6,0,33434,2851,1774,1047,5524,4.29
43394,3.3,13.6,0,32787,4295,2074,1183,3052,4.44
43297,0.2,0.6,0,28794,4600,3320,1570,5010,4.17
43277,0.2,0.5,0,25097,2845,2505,1996,10831,3.68
42710,0.1,0.1,0,31760,3990,2750,1070,3140,4.41
42593,0.2,0.4,0,29027,5989,3044,1137,3393,4.32
41723,1.3,3.6,0,31522,3064,2036,1107,3993,4.37
40982,6.9,16.9,0,27292,3034,2254,1902,6498,4.04
40875,0,0.1,0,24854,3647,3467,1878,7025,3.92
40385,0.9,3,0,31138,4108,1699,719,2718,4.49
40374,3.4,8.6,0,22255,6109,4046,2192,5770,3.91
40251,1.2,2.8,0,25051,6799,3638,1779,2982,4.22
38740,2.2,5.8,0,25454,2674,2309,1579,6721,4
38238,7.8,15.7,0,24165,3453,2887,1756,5974,4
4739196,1.9,3.1,0,3553379,426229,221763,116589,421233,4.39
4312464,1.6,4.7,0,3260328,401449,203815,98718,348153,4.42
3160720,0.9,2,0,2489112,387144,150699,39765,93998,4.63
2902462,0.6,1.4,0,2247369,364429,146159,43313,101190,4.59
2551759,0.4,0.7,0,1937701,299034,128914,50254,135853,4.51
2495714,0.5,1,0,1906144,353332,110005,36156,90075,4.58
2296724,0.1,0.2,0,1810041,255201,102410,32910,96160,4.59
2139930,0.4,1,0,1458332,222784,145097,73342,240373,4.21
2074052,0.9,2.1,0,1417867,226409,127046,72836,229891,4.22
2015215,1.5,2.9,0,1528095,228201,99425,42237,117255,4.49
1906447,1.2,2.8,0,1364427,260791,114971,48376,117879,4.42
1709817,0.1,0.3,0,1267117,259513,86314,27841,69029,4.54
1665667,1.2,2.7,0,1224129,303544,78602,16851,42538,4.59
1654125,1.7,3.5,0,1378829,98456,66575,30993,79269,4.61
1634573,0.6,1.3,0,1186794,242888,99069,30809,75009,4.49
1558523,0.1,0.2,0,994549,244162,125733,50015,144061,4.22
1520129,1.1,2.4,0,1035047,188494,105546,49744,141296,4.27
1443492,0.4,0.9,0,1015017,193879,90394,40346,103853,4.37
1377821,0.8,1.8,0,931644,146807,90978,54092,154298,4.2
1361565,0.2,0.3,0,873808,252151,104110,49140,82353,4.31
1265114,0,0,0,981074,108621,62945,22538,89934,4.48
1229277,0.1,0.3,0,905567,130712,70563,25025,97407,4.4
1196438,0.1,0.2,0,568362,260780,162755,60732,143807,3.88
1187816,1.3,3.1,0,884715,176502,68220,18276,40100,4.56
1165701,0,0,0,621573,223406,150890,49824,120005,4.01
1154770,0.3,0.6,0,875306,158160,54566,19406,47329,4.55
1134803,1.5,3.7,0,789937,207296,67673,20953,48942,4.47
1108573,0.1,0.2,0,886434,115909,44028,13906,48293,4.6
1094743,0.4,0.8,0,784933,192695,59435,19539,38139,4.52
1037775,0,0,0,748309,135461,64518,25985,63499,4.43
1023370,2.4,6.6,0,819617,113083,42295,16515,31858,4.63
1000388,0,0,0,515548,199202,118459,46506,120671,3.94
999159,0,0,0,932203,35588,10645,5257,15464,4.87
991252,2.3,6.8,0,695075,200702,60926,12341,22205,4.55
975342,0,0,0,611953,208644,82458,17866,54419,4.34
952407,0.9,1.8,0,564328,100147,79178,51830,156923,3.91
937315,0.2,0.3,0,617587,100653,47816,20748,150509,4.08
923937,0,0.1,0,691288,101760,57007,19062,54818,4.47
918824,1.2,2.2,0,624787,163218,54136,20919,55761,4.39
879352,0.4,0.7,0,673470,95439,35498,17679,57263,4.49
835522,0.2,0.4,0,581915,95754,56465,24098,77288,4.29
816560,0.3,0.5,0,631387,107975,42912,12124,22160,4.61
734164,1.4,3.1,0,500284,120358,55863,18830,38826,4.4
725404,0.6,1.5,0,573111,92545,27398,9749,22598,4.63
721115,0,0,0,601000,52795,26861,8913,31543,4.64
701376,0,0.1,0,540526,78001,35403,12420,35023,4.53
699296,0,0,0,458377,129816,50961,23169,36970,4.36
685372,0,0,0,463017,121000,48410,20015,32929,4.4
681696,1.2,3.5,0,458526,89174,52942,21978,59075,4.27
672821,0.1,0.2,0,501074,79875,36484,16782,38603,4.47
669595,0,0.1,0,535532,95459,22596,5112,10893,4.7
658103,0.3,0.8,0,419206,77469,53294,30594,77538,4.11
641556,0.3,0.4,0,389169,106789,68161,21437,55998,4.17
635253,1.2,3,0,428671,68956,43150,23603,70870,4.2
619976,5.9,11.9,0,458341,116464,30103,5008,10057,4.63
601215,2.6,5.6,0,497049,54452,18969,8531,22212,4.66
599770,0.9,2,0,400059,72587,43610,22579,60932,4.21
598654,0.1,0.2,0,371580,90333,45956,22068,68714,4.13
594008,0.1,0.3,0,410616,105829,40728,11222,25611,4.46
592951,0.2,0.4,0,333244,78647,55840,26658,98560,3.88
582899,0.1,0.2,0,457223,106444,10094,2599,6537,4.72
571518,0,0,0,383781,73625,55331,16114,42665,4.29
570689,0,0,0,420682,43023,30836,18829,57317,4.32
563915,0.2,0.4,0,428758,45640,29153,15509,44852,4.41
546256,0.1,0.3,0,299841,90904,48993,28856,77659,3.93
539914,0,0,0,387813,56164,34373,15345,46216,4.34
533693,1.4,3.6,0,373677,70033,32440,15023,42518,4.34
529649,1.3,2.6,0,372984,71504,36755,13356,35048,4.39
528440,0.1,0.2,0,374105,91654,41359,8185,13133,4.52
526009,0.4,0.9,0,336745,70234,45347,23697,49983,4.18
515194,0.6,1.5,0,363484,69997,23906,14312,43493,4.35
509704,0.2,0.4,0,336981,78715,33974,15571,44461,4.27
508599,131.6,0.2,0,374355,58427,26357,12694,36764,4.42
502209,0.2,0.5,0,382395,66961,24482,7474,20894,4.56
499878,0.3,0.7,0,398852,54696,20408,6689,19230,4.61
491227,0,0,0,324961,38052,31538,22686,73987,4.05
490669,0.1,0.2,0,319778,82382,31983,16976,39547,4.28
486566,7.8,21.3,0,414815,37232,13759,6267,14490,4.71
484312,0.2,0.4,0,336258,44030,31086,16592,56344,4.21
482724,0.8,1.5,0,319307,77522,33484,16154,36254,4.3
479457,4.2,11.2,0,330120,99019,28006,7686,14624,4.51
469334,0.1,0.3,0,346659,60539,26549,9983,25602,4.48
468070,2.5,6.6,0,387141,56288,12483,4256,7899,4.73
465965,0.1,0.3,0,331318,64154,29703,11363,29423,4.41
459534,0.3,0.7,0,374402,63693,10018,3419,7999,4.73
459274,0.4,1.2,0,378921,42669,15079,6025,16578,4.66
459073,0,0,0,398876,37883,11929,3112,7271,4.78
458999,7.8,17.8,0,310590,99765,33641,5106,9895,4.52
458789,0.7,1.5,0,290753,57145,41615,22136,47137,4.14
451275,0.2,0.4,0,309566,44130,31546,17392,48638,4.22
446232,0.5,1.8,0,279586,63661,37424,18327,47231,4.14
440362,0.1,0.1,0,354726,53694,15750,4794,11396,4.67
437584,0.3,0.6,0,283219,81609,28258,12750,31746,4.31
429950,5.1,8.6,0,351496,32467,14410,7036,24539,4.58
409487,0.3,0.5,0,156215,90459,72831,26153,63826,3.61
402761,0,0,0,262517,91518,27172,6488,15063,4.44
394891,1.8,4.3,0,258112,77409,33265,8232,17871,4.39
389234,3.4,8,0,263993,33364,23832,16687,51355,4.14
384360,0,0,0,233094,94172,40694,5921,10475,4.39
382846,7.2,19.8,0,289732,30881,19959,10772,31499,4.4
10109437,0.3,0.8,0,7120594,973822,598377,328394,1088246,4.26
9501337,0.2,0.5,0,6879557,924364,429335,234006,1034071,4.3
7501902,0.5,1,0,5359930,847047,446637,207638,640648,4.34
6618421,0.3,0.6,0,4705375,785431,316180,163679,647754,4.32
6028847,0.3,0.6,0,4572262,582493,307070,139494,427525,4.45
6001808,0.5,0.9,0,4237062,499717,342654,213450,708921,4.22
4450952,0.6,1.3,0,2919993,507086,265726,147031,611114,4.12
4434127,0.4,1.3,0,3413121,572691,181206,72784,194324,4.56
4049586,0.5,1.2,0,2885771,488313,214766,105212,355522,4.34
3871745,0,0,0,2754715,362849,225188,101717,427273,4.27
3479061,1.7,3.5,0,2544408,283008,173931,106388,371323,4.3
2943582,0.3,0.6,0,2026950,303735,182638,89775,340480,4.22
2685255,0,0.1,0,1946398,305486,167246,61942,204180,4.39
2489649,0,0,0,1948969,240394,105409,35133,159742,4.52
2130809,1.1,2.2,0,1611238,199149,97024,49249,174146,4.42
2106646,3.1,6.1,0,1395015,223376,162308,89372,236573,4.16
2019802,1.7,4,0,1547127,199603,81701,40086,151283,4.46
1846774,0,0.1,0,1328780,205957,132587,43542,135905,4.38
1766601,0.4,1.1,0,1250993,217721,110133,47729,140023,4.35
1764361,0.1,0.2,0,1283424,195505,91634,42138,151657,4.37
1598059,0.6,1.3,0,1134818,182498,91764,41597,147380,4.32
1554281,0,0.1,0,1144870,154841,101627,34562,118378,4.4
1501601,0.5,1.2,0,1145978,182946,63576,25434,83665,4.52
1470062,0,0.1,0,1103057,147913,89765,33733,95592,4.45
1436201,0.9,1.9,0,995071,128217,81450,48044,183416,4.19
1396387,1.6,4,0,985581,155580,80239,39673,135312,4.3
1361440,2.4,5,0,1085380,124746,59412,24711,67189,4.57
1356874,0.3,0.6,0,980739,139016,74260,34224,128632,4.33
1295610,0.1,0.1,0,882179,140724,108728,37152,126825,4.25
1196133,1.1,2.3,0,955582,57956,38311,29237,115045,4.43
1118526,0,0.1,0,766927,142855,71542,32533,104666,4.28
1102775,0.3,0.6,0,735070,104078,76513,44104,143009,4.13
1095714,0.2,0.6,0,854689,96820,44328,21320,78554,4.49
899150,0,0.1,0,698783,102210,38544,12825,46785,4.55
892092,0.2,0.4,0,654219,73463,50827,24924,88657,4.32
877117,0.3,0.7,0,601429,77202,54428,31863,112192,4.17
866304,1.8,3.3,0,710761,70913,30344,13566,40718,4.61
840949,0.5,1.2,0,675964,70308,30882,13917,49876,4.56
813695,2.4,5.6,0,621058,72494,40399,19191,60550,4.44
800759,3.1,5.8,0,539850,67137,49703,30873,113194,4.11
733129,0.2,0.4,0,458839,86710,52508,28653,106416,4.04
727876,3.9,9.4,0,568485,98942,22775,9282,28390,4.61
715270,0.7,1.3,0,484521,68171,46819,28077,87680,4.17
694195,0.9,2.2,0,474651,96190,39808,20229,63314,4.29
691090,0.5,1.4,0,480292,55112,39190,26213,90280,4.17
686110,0.7,1.3,0,473468,73783,45676,23297,69883,4.25
685354,2.6,5.5,0,448291,58793,43441,30971,103855,4.05
677946,0.4,0.8,0,445396,79313,39681,20829,92724,4.13
665358,0.1,0.3,0,472497,66341,40741,16780,68997,4.29
644259,0.6,1.2,0,449266,51978,36555,22686,83771,4.18
630441,0,0.1,0,482380,56069,42039,12283,37668,4.48
629925,0.5,1,0,454155,67146,32813,16386,59422,4.33
609871,0.1,0.3,0,434429,43450,29759,16697,85533,4.19
609424,0.7,1.2,0,393372,95095,51869,19200,49885,4.25
575472,0.1,0.3,0,393761,73593,39148,17327,51641,4.29
570996,0.5,1.7,0,377043,51802,33968,18822,89357,4.07
566856,0,0.1,0,414532,60843,36278,12362,42839,4.4
512412,0.1,0.2,0,381140,52953,30070,10827,37419,4.42
505858,6,11.8,0,369494,56878,26564,12990,39930,4.39
505770,2.7,4.4,0,302447,114009,44387,13970,30955,4.27
480534,3.4,7.7,0,337383,44126,26013,16140,56869,4.23
467463,5.2,12.4,0,327473,49760,24705,14224,51298,4.26
463332,0.3,0.5,0,332451,39863,28721,15304,46991,4.29
462906,0.2,0.4,0,320212,50712,28898,14009,49073,4.25
460722,1.7,4.1,0,336699,37855,23690,13194,49280,4.3
441744,0.3,0.3,0,285993,28148,27839,16482,83279,3.94
430958,0.4,0.8,0,291497,44845,28301,15304,51008,4.18
430053,0,0.1,0,308843,37724,23574,10133,49776,4.27
428687,4.1,7.9,0,299906,62661,28735,11268,26114,4.4
425947,0,0.1,0,318636,42682,23672,8476,32478,4.42
423068,0.1,0.1,0,344144,24297,18904,8248,27472,4.53
414887,0.5,1,0,284293,48836,26450,13869,41437,4.25
410324,0.2,0.5,0,294296,54246,19382,10440,31958,4.39
404875,0.2,0.5,0,320084,34079,17379,7821,25509,4.52
398854,1.3,2.6,0,283916,33861,21514,12874,46686,4.24
390401,3.2,7.2,0,281252,39418,19495,10795,39438,4.31
376747,0.6,1.2,0,274839,27177,18307,12764,43657,4.27
374714,2.7,4.4,0,222374,41137,27891,14185,69125,3.89
349979,0.1,0.1,0,244679,42177,25665,10302,27153,4.33
343357,507.6,6.3,0,260028,27945,16167,9055,30159,4.39
337427,1222.4,0.1,0,252837,22770,15576,7353,38887,4.31
336321,2.1,4.1,0,221961,27883,19822,12349,54303,4.04
333556,0.1,0.2,0,282222,18054,10914,5078,17287,4.63
327291,0.4,0.9,0,217200,28806,19493,14099,47691,4.08
314895,0.1,0.1,0,219754,34236,21833,9379,29691,4.29
310671,3988.1,0,0,194742,34157,34686,14266,32818,4.11
309726,0,0.1,0,229611,23950,20203,7653,28306,4.35
307279,0.7,1.4,0,237772,23951,14362,6841,24350,4.44
306001,0.3,0.6,0,191146,23914,18985,12697,59256,3.9
294078,1.8,3.2,0,221499,30240,12197,6830,23309,4.43
293433,0,0.1,0,220616,31054,14868,6476,20417,4.45
292849,0.1,0.1,0,186128,27123,24989,13711,40895,4.04
290482,8.5,13.9,0,228215,28526,11391,5360,16988,4.53
290316,1.4,3.3,0,207040,27639,15989,9117,30529,4.28
289793,0.1,0.2,0,206427,38776,17350,7251,19987,4.4
288523,1,2.4,0,200630,37145,16942,8252,25552,4.31
288296,0,0.1,0,210515,32429,18238,8364,18748,4.41
283643,0.3,0.7,0,198878,26753,17006,8827,32176,4.24
283083,0,0,0,206153,35762,17861,5464,17841,4.44
282767,0.1,0.4,0,201849,41483,14890,5556,18987,4.42
3090015,1.4,3.5,0,2197513,346940,167607,80852,297099,4.32
3058359,0.9,3,0,2161111,627776,161446,30498,77526,4.56
3036543,1.2,2.7,0,2168621,310033,163103,86665,308118,4.3
2865064,0.2,0.3,0,1824530,277421,143410,79199,540502,3.97
2651402,0,0,0,2095189,255607,105070,42048,153486,4.55
2627776,0.5,1,0,1662287,413803,208540,85194,257950,4.19
2347273,0.6,1.6,0,2036165,202498,57362,16059,35187,4.78
2290221,0.3,0.5,0,1590927,277701,120680,60390,240521,4.27
1700340,0.4,1.1,0,1079702,270308,108815,55357,186157,4.18
1499510,0.1,0.2,0,920897,184568,126098,58230,209714,4.03
1458777,0.6,1.5,0,1072932,194462,70817,28636,91928,4.46
1414250,0.6,1.3,0,949393,165921,58186,38884,201863,4.15
1344882,0,0,0,1207169,67472,25539,9616,35085,4.79
1310535,2.8,5.5,0,898437,173883,61375,37136,139701,4.26
1192107,0.1,0.2,0,650035,155963,104328,54750,227029,3.79
1184299,4,7.1,0,917825,103602,25698,14734,122437,4.42
1129245,0.1,0.1,0,817920,126139,56307,24562,104314,4.35
940192,0.1,0.2,0,530178,88429,76918,38609,206056,3.74
894415,1,2.4,0,711091,75560,29620,14436,63706,4.52
893378,1,2,0,661686,125484,46507,15306,44392,4.51
888912,0.6,1.2,0,689105,143328,31599,8349,16529,4.67
879717,0,0.1,0,614942,107557,53384,23680,80151,4.31
867735,1.3,3,0,680760,115190,37602,9941,24240,4.63
823018,0.2,0.3,0,527834,132491,51164,25182,86344,4.2
764089,0,0.1,0,452458,95918,54237,30113,131360,3.93
733065,1.7,3.5,0,538267,91877,37358,16845,48716,4.44
731585,0.1,0.1,0,518701,100187,40822,18492,53380,4.38
673166,0.7,1.2,0,490535,98976,30166,11075,42411,4.46
659860,0.4,0.9,0,435584,76096,44371,24027,79779,4.16
615059,3.2,8.2,0,415341,80209,41936,21261,56309,4.26
612353,0,0,0,413381,54904,36413,16685,90968,4.12
606800,2.8,6.2,0,482059,64562,19124,8204,32848,4.57
602664,0.3,0.3,0,371359,86962,41706,22313,80321,4.07
601033,3,6.1,0,434223,73495,35647,15379,42287,4.4
592516,0.2,0.5,0,368968,82889,44593,22132,73931,4.1
584420,0.9,1.8,0,437905,75187,24549,12849,33928,4.49
560996,0.7,1.5,0,368450,95209,40128,15092,42114,4.31
557980,0.1,0.2,0,408426,51219,33933,13281,51119,4.35
557678,0.1,0.2,0,395376,92349,34466,9098,26387,4.47
549568,2.6,6.3,0,376330,32939,27685,18898,93714,4.05
535690,2.1,4.5,0,286540,75309,38217,46234,89388,3.79
524507,0,0,0,345199,79203,36302,14363,49438,4.25
519855,0.1,0.2,0,325098,79717,38069,14732,62237,4.14
515935,0.1,0.1,0,394272,59478,21340,8264,32579,4.5
514153,0,0,0,317140,65184,37777,15167,78882,4.02
504405,1.1,2.4,0,295070,54216,36963,22038,96115,3.85
501231,0.3,0.6,0,333980,35511,25453,18255,88029,4.02
499642,0.3,0.7,0,284574,37945,34544,29367,113209,3.7
496856,0.1,0.1,0,425997,18186,11837,7128,33704,4.6
491526,4.3,9.7,0,360435,39377,14664,6116,70931,4.25
487690,2.7,5.3,0,342489,39379,26841,17272,61706,4.2
484315,1.2,2.3,0,359826,44683,22541,12439,44823,4.37
474452,0,0,0,321908,49659,26027,13408,63447,4.17
469934,2,4.1,0,320973,76889,29167,12778,30125,4.37
469414,0.7,1.4,0,276126,47808,34422,21753,89303,3.85
465589,0.4,0.9,0,316930,50467,30028,16670,51492,4.21
465165,0.2,0.4,0,317704,58750,28210,14445,46054,4.26
462235,0.2,0.4,0,264212,79868,54932,16867,46353,4.08
458582,0.1,0.1,0,317991,44577,24907,15102,56002,4.21
457866,3.5,12.7,0,323588,46196,21070,10973,56037,4.25
446215,0.5,1,0,298948,53447,24286,15434,54097,4.18
427450,0.6,1.6,0,270588,60255,26791,14584,55230,4.11
424777,4.1,8.6,0,218783,120985,59637,10358,15013,4.22
419401,0.1,0.4,0,238298,95746,55750,10819,18786,4.25
403927,0.5,0.9,0,282799,60134,21684,9106,30202,4.38
401487,1.8,4.3,0,323804,42745,13972,5158,15805,4.63
400588,2.3,4.8,0,269917,46353,25781,15223,43312,4.21
398383,0,0,0,272948,44010,26048,11484,43890,4.23
392609,0.1,0.2,0,284184,46862,22881,9182,29496,4.39
391022,0,0,0,195925,104411,60059,10828,19796,4.14
389377,1,2.2,0,290064,43165,17052,9120,29974,4.42
389176,2.4,5.9,0,290167,64286,17766,5138,11817,4.58
382307,0.1,0.1,0,269576,48192,18205,9375,36957,4.32
380937,2.2,4,0,245027,50665,23299,12378,49564,4.13
380879,0,0.1,0,265737,49292,22536,8318,34994,4.32
371769,0,0,0,227683,52484,24488,13868,53244,4.04
371124,0.4,0.7,0,212711,37580,26435,17177,77218,3.79
369149,0.4,1,0,238596,60578,26473,12932,30568,4.26
366181,0,0.1,0,249473,56087,24885,9065,26668,4.35
364362,2.6,5.6,0,316322,29431,7695,2818,8094,4.76
360378,1.9,4.2,0,236472,42503,20882,12028,48492,4.13
359428,0.3,0.6,0,225185,33782,22998,15652,61808,3.96
354599,1,2.7,0,296919,34870,11822,3987,6998,4.72
349814,0.3,0.6,0,220377,57509,24118,13168,34639,4.19
331238,3.4,6.7,0,239093,37683,16572,6086,31802,4.35
330007,4.8,11.4,0,273260,31253,9983,4310,11199,4.67
325556,0.4,0.9,0,216352,36278,22265,12368,38291,4.17
323021,7,28.6,0,253071,27987,12863,6654,22443,4.49
317688,1.5,3.3,0,230293,44455,15656,5913,21369,4.44
316634,0.9,2,0,244928,27864,12327,7458,24054,4.46
316501,0.1,0.3,0,218341,30095,17165,10341,40556,4.19
311571,0,0.1,0,232822,42504,15496,5361,15386,4.51
308602,2.9,7,0,231932,26011,13902,8361,28393,4.38
306172,11.8,29.6,0,266030,14957,7811,3814,13557,4.69
302010,0.1,0.1,0,214414,39653,18916,8348,20676,4.39
300944,0,0,0,159647,45106,29604,12623,53962,3.81
300560,4.3,11.4,0,212457,22406,14084,11138,40472,4.18
297467,0,0.1,0,139765,90397,40260,10035,17008,4.1
297258,3.2,7.8,0,195836,36696,23130,11455,30137,4.2
296313,1.4,3.4,0,201952,39325,15689,7752,31593,4.26
8241702,0.9,1.8,0,6537535,816099,324906,128958,434201,4.56
5518439,0.3,0.6,0,3413004,653944,379636,219214,852638,4.01
5193030,0.3,0.6,0,3473565,875228,346136,142139,355958,4.34
3541983,1.2,2.6,0,2259432,598555,306591,108585,268817,4.26
3486810,0.6,1.4,0,2550187,493432,195669,67945,179574,4.48
3401011,0.3,0.7,0,2515746,553578,155659,53458,122568,4.55
3204434,1.5,2.9,0,2547635,328573,148495,51729,127999,4.6
2726952,0.6,1.4,0,2049299,285133,128617,62709,201191,4.44
2225296,0.2,0.3,0,1432062,447668,215802,52311,77452,4.4
1812721,2.8,5.8,0,1409418,141546,76562,43345,141847,4.45
1624306,1,2.3,0,1051435,185029,105112,61307,221420,4.1
1574955,0.3,0.7,0,1124369,258869,86413,27249,78052,4.48
1507247,0.3,0.7,0,1095247,168839,78386,38848,125925,4.37
1485179,0.1,0.1,0,945229,165319,112969,56289,205369,4.07
1378733,0.3,0.6,0,920352,243322,83648,39032,92376,4.35
1366714,1.4,3.2,0,876746,193857,102948,49538,143622,4.18
1359519,0.1,0.3,0,890317,241086,115756,30238,82120,4.34
1298159,2.3,5.1,0,1084764,98243,35587,17455,62108,4.64
1222131,0.8,1.9,0,1020476,84508,44791,19334,53020,4.64
1187879,0.9,1.7,0,838441,84294,59640,42905,162595,4.17
1187376,1.3,2.5,0,865432,180755,84718,19565,36904,4.53
1152884,5.2,11.2,0,833557,101693,57332,36121,124178,4.29
1138214,11.7,23.2,0,936733,62918,33537,20969,84053,4.54
1110707,0.6,1.1,0,710871,126433,77606,44549,151246,4.08
1106294,0.3,0.8,0,620225,164958,116433,56032,148644,3.95
1091964,4.1,11,0,768323,113034,57837,32237,120530,4.26
1031506,11.5,27.3,0,714827,102088,55524,32247,126818,4.21
1019979,1.4,3.2,0,602531,214441,89303,44417,69285,4.21
1009271,2.4,5.8,0,723826,186866,59318,15129,24129,4.56
1000601,0.2,0.5,0,653921,112635,65545,34291,134207,4.12
999265,11.7,44.7,0,769360,150116,44200,11560,24026,4.63
992624,0.2,0.5,0,632974,109571,69100,37585,143392,4.06
976973,0,0,0,631649,161085,82640,34408,67189,4.29
965532,0,0.1,0,629367,196151,78744,17126,44141,4.4
946692,0.4,1,0,721941,131666,51965,13852,27266,4.59
930110,0.1,0.6,0,623396,98016,82079,36424,90192,4.21
910644,1.6,3.6,0,693195,123661,44353,16973,32459,4.57
897328,0.8,1.5,0,638623,72400,46145,29770,110388,4.22
872791,0.6,1,0,495658,136337,78707,40476,121610,3.97
872608,2,3.5,0,710037,80057,39919,13296,29297,4.64
840787,6.7,14.6,0,633197,78316,36911,20426,71935,4.4
832322,3.5,6.7,0,647116,79736,38264,18788,48415,4.51
819400,1.5,3.1,0,578026,113072,52409,22562,53328,4.39
817146,1.6,3.6,0,467935,143562,74783,36617,94246,4.05
807582,0.5,1,0,612472,105758,44061,14700,30589,4.55
759462,0.3,0.7,0,508981,89230,52821,25681,82747,4.21
738803,4.7,10.4,0,514756,70894,42503,24374,86273,4.22
724257,0.3,0.6,0,509616,79114,46744,20563,68218,4.3
716198,3,6.2,0,480432,66906,44275,28429,96154,4.13
716086,1.7,2.2,0,500573,102370,44792,18880,49469,4.38
707424,0.1,0.3,0,442694,64472,56316,28682,115258,3.98
706898,0.2,0.4,0,493555,133161,49616,9475,21088,4.51
692265,1.3,2.6,0,520257,77627,32945,14479,46953,4.46
681764,3.7,9,0,525194,61806,27709,14709,52343,4.46
678641,0.1,0.1,0,459478,71873,40880,21094,85314,4.18
669840,0.1,0.2,0,463284,85669,54821,19456,46607,4.34
661417,0.2,0.3,0,542466,52916,28121,9989,27922,4.62
647291,0.2,0.4,0,469757,56675,36752,18246,65859,4.31
647179,4.8,10,0,488177,52300,28234,16370,62095,4.37
636844,0.6,1.5,0,468935,71311,38696,16770,41129,4.43
633586,0.4,0.9,0,400796,72390,44424,24026,91947,4.05
620412,1.7,3.9,0,463465,57940,27201,15573,56231,4.38
620223,547.4,0.9,0,377280,68412,41881,28491,104156,3.95
617523,0.3,0.7,0,396351,65978,37579,23264,94348,4.05
604104,0,0,0,459073,69877,33318,11468,30366,4.52
603782,0.1,0.4,0,422761,71251,45132,18764,45872,4.34
585446,5.4,12.4,0,418289,65048,36692,17378,48037,4.35
571717,0.1,0.2,0,465050,68241,16339,6364,15721,4.68
551276,0.1,0.2,0,427133,50463,31390,12089,30198,4.51
549615,0.7,1.7,0,379443,83202,31636,14528,40804,4.36
545476,4.7,9.1,0,422460,43970,20373,12679,45991,4.44
501264,0,0,0,248598,40017,38768,33163,140716,3.44
485173,0.6,1.2,0,326657,55914,31333,17527,53739,4.2
479602,0.3,0.7,0,320822,62713,35119,15528,45418,4.25
473108,0.4,0.8,0,355701,62419,22120,8720,24145,4.52
471115,3.1,7.4,0,347260,46137,22110,12097,43508,4.36
453899,1.1,2.3,0,282985,62118,32292,15532,60970,4.08
450705,0.9,1.7,0,284990,49372,31347,20301,64693,4.04
447104,0.5,1.3,0,307948,48863,25752,14540,49999,4.23
447068,2.9,6.1,0,304413,47096,26159,15157,54241,4.19
446372,0.2,0.8,0,304208,51235,35792,15611,39523,4.27
443024,0.5,1.2,0,291648,49212,26985,15391,59786,4.12
441554,0.3,0.9,0,357642,53019,17556,4551,8783,4.69
425625,1,2.2,0,274945,62760,32716,13930,41272,4.21
425277,0,0.1,0,257308,80317,35472,14808,37370,4.19
424968,2.5,5.6,0,300551,62248,29322,9764,23081,4.43
423399,0.3,0.8,0,269629,37649,30249,18869,66999,4
420829,0.3,0.7,0,288173,68381,28995,11287,23990,4.39
416135,2.3,4.1,0,245092,47239,35489,24138,64175,3.93
412100,0.8,1.6,0,351636,29727,10907,5278,14549,4.7
406254,2,4.5,0,300806,32924,17358,10257,44905,4.32
404025,0.5,1.1,0,263927,37192,24222,15468,63213,4.05
403098,0.9,2.4,0,312933,39101,19132,9003,22927,4.51
400719,0.2,0.4,0,266540,57248,28699,14529,33701,4.27
398841,0.7,1.4,0,284071,52165,24032,11095,27475,4.39
392326,0,0.1,0,273173,42951,26785,11070,38345,4.28
385620,0,0,0,252669,52719,29078,13880,37271,4.22
384264,1.3,2.5,0,312380,38777,15048,6497,11560,4.65
383441,0.1,0.2,0,242035,75032,36866,8459,21047,4.33
379807,3.4,6.8,0,251581,70390,25635,10303,21896,4.37
13374620,0,0.1,0,10064893,1456557,649320,268502,935345,4.45
7280320,1.1,2.2,0,4948104,836607,388832,190712,916062,4.2
6779161,0.4,0.9,0,4480503,844263,462636,219496,772261,4.19
6173868,1.5,4.3,0,4315624,614928,324602,175004,743707,4.23
4566390,1.7,3.9,0,3513113,698774,189314,54583,110603,4.63
2983855,0.3,0.8,0,2128566,387636,163976,68226,235449,4.38
2926717,0.1,0.3,0,2168204,458751,175709,38525,85526,4.57
2916874,0.5,1.1,0,2047055,342682,155762,75373,296000,4.29
2877308,0.7,0,0,2120943,387731,130299,54191,184141,4.46
2839251,1.9,3.8,0,1949415,292373,166477,89363,341621,4.2
2637735,6.8,15,0,1902637,289281,154916,70061,220839,4.36
2544608,2.2,4.5,0,1805981,369736,161120,59393,148375,4.42
2369845,0.4,1,0,1558217,301703,138521,76059,295342,4.16
2267369,0.4,0.7,0,1736140,337201,109127,26236,58663,4.62
2221308,0.5,1.2,0,1567726,211399,117803,62077,262301,4.24
1975028,0.4,0.7,0,1202833,428030,147116,53461,143586,4.26
1973922,1,1.8,0,1450422,234305,95634,40048,153511,4.41
1913145,2.1,4.2,0,1368588,171295,107679,58643,206939,4.27
1737476,3.4,5.1,0,1271467,191908,93271,39101,141727,4.39
1698878,1.8,3.9,0,1122300,149152,87025,52611,287788,4.04
1670695,0.5,1.4,0,1170264,224059,124885,42450,109035,4.38
1646405,9.2,18.5,0,1084832,178726,87616,56943,238286,4.1
1630006,0,0.1,0,1140776,167334,92821,35212,193860,4.24
1473444,0.1,0.3,0,1018895,187338,121516,37415,108277,4.34
1374907,0,0.1,0,957213,208771,95946,28198,84776,4.4
1255309,0.6,1.2,0,836586,130760,80604,43473,163882,4.14
1209408,1.7,2.7,0,840179,174819,72389,27673,94345,4.36
1204097,0.8,1.8,0,763810,136170,90270,53281,160563,4.07
1167800,0.1,0.3,0,848656,152103,74299,24350,68389,4.45
1112243,2.1,4.1,0,746459,140841,69957,32913,122070,4.22
1093549,0.2,0.3,0,698205,151796,88943,39290,115313,4.17
1041360,0.1,0.3,0,726536,116882,76533,27655,93752,4.3
1031413,4.9,12.1,0,667816,182678,77169,26048,77700,4.3
1021104,0.5,0.8,0,650483,127851,66627,36368,139772,4.09
1003990,0.5,1.1,0,798902,106809,40829,15528,41919,4.6
952511,0.1,0.3,0,628791,108612,73307,34015,107783,4.17
896935,0.1,0.1,0,621903,93540,47773,20912,112805,4.22
896639,0.6,1.2,0,499764,91218,72895,43320,189440,3.75
894469,1,1.8,0,611806,90171,54192,30113,108185,4.19
875100,0.4,0.9,0,667500,88478,43118,20009,55992,4.48
839113,0.1,0.3,0,544480,99053,59286,31136,105155,4.13
813844,0.6,1.1,0,534811,86210,55940,30031,106850,4.12
787156,0.2,0.4,0,559282,61134,40872,25287,100578,4.21
771501,1.6,3.2,0,509381,94586,51094,23586,92850,4.17
763774,0.1,0.2,0,530939,101437,47205,16616,67574,4.32
759841,0.3,0.6,0,466780,153192,62122,21406,56338,4.25
730505,0.3,0.6,0,434487,68636,55186,33165,139028,3.86
730171,1.1,2.2,0,524546,102085,39971,15137,48431,4.42
727758,0.1,0.3,0,484762,85323,49734,23192,84744,4.18
708388,0.1,0.2,0,527257,72076,42467,13397,53188,4.42
706572,0,0,0,535212,69910,33623,12717,55108,4.44
695191,0.4,0.8,0,407090,87343,61074,31346,108334,3.94
608998,0,0,0,400377,69563,39878,19689,79488,4.14
602551,0.2,0.6,0,429592,68579,29981,15985,58412,4.32
601078,4.4,10.3,0,371099,92411,43711,22672,71183,4.11
561986,6.8,16.2,0,406428,89547,35227,9486,21295,4.51
561499,1,2.2,0,399433,56252,34988,16915,53908,4.3
560065,0,0,0,367291,81373,43804,18634,48961,4.25
516578,1.1,2.2,0,325530,53747,37366,22713,77220,4.02
516549,0.2,0.4,0,339212,66763,36424,17507,56640,4.19
515228,1.2,2.1,0,297000,61572,31524,19955,105175,3.83
497940,0,0.1,0,360270,57979,33583,10425,35680,4.4
475283,3.3,7.5,0,319421,47887,31696,16719,59558,4.16
457484,0,0.1,0,271577,85182,31703,14203,54816,4.1
455753,0.1,0.2,0,298505,52029,31529,13869,59819,4.13
451539,0.4,0.9,0,298819,37488,24296,16047,74887,4.04
448564,0,0,0,302579,61504,37000,13364,34115,4.3
445534,1.3,2.5,0,300285,33292,24292,15712,71949,4.06
445355,0.2,0.3,0,272769,64465,43954,17390,46776,4.12
441765,0.3,0.8,0,317978,53279,27059,12110,31336,4.39
418362,0.2,0.4,0,258225,87918,43360,10460,18396,4.33
413700,0,0,0,344230,38750,12150,3650,14920,4.68
412920,8,26.7,0,282088,73984,32519,8241,16086,4.45
396044,0.8,1.4,0,263906,59676,33136,11445,27879,4.31
394620,4.5,10.7,0,272814,84901,20630,5249,11024,4.53
392466,0.1,0.2,0,253695,58286,33471,10684,36327,4.23
385951,19.4,63.7,0,275515,51474,26456,8973,23531,4.42
384159,0.2,0.3,0,243956,57661,35690,12759,34091,4.21
368176,1.2,2.4,0,241981,63412,26359,8799,27622,4.31
366675,1,2.5,0,223686,44968,26939,14327,56752,3.99
365249,0.4,0.9,0,240422,38724,23169,13138,49794,4.11
358273,0.5,1.1,0,256937,34238,21156,10393,35547,4.3
355982,0,0,0,258131,39495,21795,7981,28578,4.38
337586,0.1,0.1,0,244494,35938,19437,7870,29845,4.35
334400,0.1,0.2,0,218684,48933,21412,9093,36275,4.21
327465,2.9,6.8,0,218343,58508,18278,8332,24002,4.34
327205,0,0.1,0,209447,38034,25718,8379,45624,4.09
323103,0.8,1.5,0,207242,45880,24959,11035,33985,4.18
310726,0.3,0.6,0,245774,22826,14731,7295,20098,4.5
299047,0,0,0,194652,46827,22049,7233,28284,4.25
288866,0,0,0,175748,34027,27924,14082,37083,4.03
287935,4.5,13,0,227552,47538,8800,1499,2542,4.72
274317,0.3,0.6,0,194799,45701,14011,5592,14211,4.46
273722,0.6,1.7,0,186104,28541,20701,9215,29159,4.22
270190,0,0.1,0,190684,40931,19616,5014,13943,4.44
270027,7.3,19.2,0,179241,36655,16433,8350,29346,4.22
268484,0.6,1.6,0,149667,37168,24205,12963,44480,3.87
265931,0,0,0,149095,49183,30207,11909,25533,4.07
263226,0.5,1.2,0,177542,29853,19219,9464,27145,4.22
260200,0.2,0.5,0,173899,24732,16774,8756,36035,4.12
55170976,0.3,0.6,0,42736445,5397273,2285363,978099,3773793,4.49
30599283,1568.1,1.1,0,20850163,3634022,1653329,771855,3689911,4.22
6282716,1.9,4.6,0,4452865,759462,355241,139087,576059,4.33
6043927,0.1,0.2,0,4400891,800442,322207,120278,400106,4.44
5098445,0.6,1.3,0,3670080,527372,279328,140383,481280,4.33
4977281,0.3,0.6,0,3444390,437921,262776,122379,709812,4.16
3639955,0.6,1.7,0,2712852,541251,218675,53951,113222,4.56
3586366,1.4,2.9,0,2518374,383289,170563,100826,413311,4.25
3308917,0.6,1.5,0,2529765,354913,146180,61592,216464,4.49
3109721,0.2,0.5,0,2037468,580039,286521,78273,127417,4.39
2316309,0,0,0,1494521,269009,147725,75803,329247,4.09
2102169,0.6,1.5,0,1658403,209043,87307,39632,107781,4.56
1906000,2.5,5.9,0,1527923,135491,66113,36376,140094,4.51
1712043,4.5,10.3,0,1218235,270013,81840,31300,110652,4.43
1709336,0,0,0,1218013,156985,101397,35280,197659,4.27
1596863,1.8,4.4,0,1090428,176528,72373,37306,220225,4.18
1514095,0.5,1.1,0,975221,266031,104374,39825,128641,4.27
1493010,0,0,0,788580,132675,128929,58325,384499,3.59
1446666,0.2,0.3,0,1016465,216539,75228,34680,103752,4.39
1317635,0.1,0.1,0,817422,192799,100300,44307,162805,4.11
1281443,1.1,2.3,0,937488,137379,66995,29199,110379,4.38
1267557,0.2,0.4,0,915250,164131,64977,28453,94744,4.4
1224547,693.8,0.1,0,913769,141205,64490,22429,82651,4.45
1084405,0.9,2,0,852981,104436,53688,19301,53997,4.55
1037325,0,0,0,757792,87307,46307,27614,118304,4.29
967308,0.7,1.8,0,647806,169109,55397,25205,69788,4.34
965851,0.1,0.4,0,696323,134808,34906,18992,80819,4.39
961050,2.9,7.6,0,579654,217881,100341,23330,39841,4.33
948896,2.3,5,0,627238,103887,39772,23835,154161,4.08
904713,0,0,0,609628,105180,66828,23420,99654,4.22
897510,0.2,0.5,0,491666,71453,71979,34660,227749,3.63
890792,0.5,1,0,613200,115694,52744,22637,86515,4.29
877165,3.9,9,0,581205,145912,58794,19478,71773,4.31
873660,0,0,0,556372,84174,59121,29053,144938,4
857214,17.8,47.4,0,726232,68289,25678,8089,28923,4.7
849665,0.2,0.4,0,583850,145585,56794,18978,44455,4.42
829682,0,0,0,463943,64832,53080,38789,209036,3.65
828185,0,0,0,577994,84835,49069,21193,95092,4.24
789938,0.4,0.8,0,578310,128210,38993,12648,31775,4.53
757127,0.2,0.3,0,464985,106226,48811,27238,109863,4.04
756652,0.1,0.2,0,473209,111560,60071,21942,89867,4.13
755588,2.5,6.6,0,590838,55623,31651,16866,60607,4.45
722062,0,0.1,0,352710,72575,81910,35542,179323,3.53
695798,328.4,0.1,0,435845,80475,54242,22828,102405,4.04
672510,0.4,0.8,0,419583,102399,53691,21212,75623,4.14
633965,0.1,0.3,0,435148,76678,44621,17635,59881,4.28
601321,0.1,0.2,0,431408,58813,35405,13745,61947,4.3
600649,1.5,3.5,0,483726,78106,19233,5587,13993,4.68
569020,0.1,0.3,0,305624,59345,36278,24555,143216,3.63
562932,0.4,1.1,0,386210,103781,34264,12605,26070,4.44
556658,0.6,1.4,0,428268,81138,22108,8124,17018,4.61
541172,0.2,0.6,0,290619,45879,40986,27224,136461,3.6
523682,0.2,0.5,0,341402,71472,26037,12608,72162,4.14
497572,0.5,1.3,0,316488,113531,39448,9490,18612,4.41
494533,0.2,0.5,0,335263,86692,43116,10059,19400,4.43
487498,0.6,1.3,0,354722,60389,23523,13004,35858,4.41
485901,0.1,0.2,0,338830,50336,29206,12394,55134,4.25
485868,0,0,0,383512,46627,22758,7609,25358,4.55
478146,1.8,4.7,0,305562,68195,33985,15394,55007,4.16
455122,0.2,0.4,0,314012,62390,26359,11800,40558,4.31
447441,0,0,0,300972,52732,22787,11289,59659,4.17
430583,2.1,3.6,0,255534,45372,26592,18720,84362,3.86
421774,0.1,0.3,0,294674,36292,18281,9834,62691,4.16
418625,0.2,0.5,0,249548,93332,43318,11181,21244,4.29
417964,0.3,0.6,0,319881,52838,16180,7925,21137,4.54
401269,1.1,2.2,0,289219,70461,22665,5379,13543,4.54
398768,0,0,0,235417,104320,43060,6010,9958,4.38
397040,0.8,2,0,270231,46898,22959,12249,44700,4.22
395798,2,3.2,0,292407,58977,23477,7118,13817,4.54
392793,0.9,1.8,0,311297,37144,16792,9336,18222,4.56
388381,0.1,0.2,0,252727,76346,37568,8529,13209,4.41
386342,1.6,3.3,0,237572,68520,29998,10225,40025,4.17
386083,0.1,0.1,0,273104,47076,23603,8463,33835,4.34
384600,0,0,0,319266,29922,10217,4638,20554,4.62
366285,0.2,0.3,0,198660,55748,35476,18456,57943,3.87
358866,0.6,1.1,0,241426,44364,27718,11428,33928,4.25
351860,0.1,0.2,0,261633,33710,21558,6789,28168,4.4
344755,0.3,0.7,0,205463,30317,24519,15053,69400,3.83
339891,0.1,0.1,0,220365,43057,24432,10207,41827,4.15
339517,2.5,5.8,0,230341,48047,23291,8430,29406,4.3
339009,0.9,2,0,224601,20778,16075,8886,68666,3.95
334450,0.8,2.8,0,230361,43143,18956,9822,32165,4.28
330452,0.5,0.8,0,259055,25943,12946,7352,25154,4.47
329526,0.4,0.8,0,187204,44822,23400,13778,60319,3.86
327841,0.6,1.4,0,192287,35797,22025,14620,63109,3.85
326038,0.8,1.5,0,202480,51588,18305,7618,46046,4.09
319569,0.7,1.6,0,210853,51860,31143,10626,15084,4.35
319023,0.1,0.3,0,234541,22186,14917,9026,38351,4.27
316295,0.4,0.8,0,227536,40144,14884,7791,25938,4.38
310851,1.2,2.5,0,243785,25851,12950,6435,21827,4.49
305594,0,0.1,0,197222,38400,22315,10962,36692,4.14
297478,0.1,0.1,0,190848,41494,20442,9376,35316,4.15
293287,7.9,20.9,0,224580,15144,8986,6725,37850,4.3
288609,0.1,0.3,0,179652,58858,19599,8091,22406,4.27
283770,0.4,1,0,198598,25283,15881,9610,34395,4.21
280496,6.2,14.3,0,193460,52062,17426,6218,11326,4.46
279542,0.1,0.2,0,207820,23527,14715,5844,27633,4.35
276353,0.1,0.1,0,224926,19886,9967,3759,17813,4.56
272167,0,0,0,191227,34188,16647,7185,22918,4.34
270364,0.1,0.2,0,195637,25085,17969,8165,23506,4.34
7271580,0.4,0.9,0,4813526,1133845,451590,194961,677655,4.27
3989535,1.9,4.9,0,3146099,482157,122328,54610,184338,4.59
2612778,0,0.1,0,1800991,500288,186498,44719,80280,4.49
1183400,0,0,0,782381,200879,91546,35081,73511,4.34
980865,9.6,25.5,0,759734,110339,36180,18689,55920,4.53
764082,4.6,12.7,0,597205,88099,27794,12524,38458,4.56
649366,0,0.1,0,559792,39703,17592,8106,24170,4.7
645513,3.6,9.8,0,562389,43881,13917,7098,18226,4.74
421132,0.2,0.6,0,262328,75120,37275,15539,30868,4.24
408024,0,0,0,260763,62469,33027,13232,38530,4.21
407061,0,0,0,292482,61524,25561,7184,20307,4.47
377359,0.3,0.7,0,308562,33358,17253,4965,13217,4.64
351278,0.8,1.5,0,226472,52007,25604,10764,36428,4.2
335412,1.6,4,0,227938,56261,20466,8502,22243,4.37
334698,0,0,0,195886,69021,29551,12326,27912,4.17
331006,0,0,0,243353,28051,16603,7782,35215,4.32
301099,0,0,0,204945,62497,19810,4015,9830,4.49
289518,0.2,0.3,0,165885,89662,24424,3625,5919,4.4
281824,0.1,0.4,0,139952,56226,27868,17366,40409,3.84
280932,0,0,0,189645,52491,25017,4415,9361,4.45
216664,0,0,0,154611,26099,15338,5854,14760,4.38
205575,1.3,2.6,0,133315,38530,13838,5771,14118,4.32
187196,0.7,1.7,0,134426,37857,7286,2402,5223,4.57
181368,0,0,0,118398,29589,14799,4966,13613,4.29
172520,0,0,0,119533,23397,13321,6441,9826,4.37
165304,0.2,0.4,0,98452,21133,15014,8347,22356,4
163384,0,0,0,137473,9310,6920,2460,7220,4.64
162035,1.4,2.9,0,114635,28785,10697,2820,5095,4.51
160282,2.3,5.3,0,143297,6811,4484,1780,3908,4.77
159354,1.7,4.1,0,126217,9400,4545,2671,16518,4.42
157035,0,0.2,0,107581,19575,11771,4736,13370,4.29
154168,0.4,1,0,110993,18969,7709,3969,12526,4.37
152297,0,0,0,74840,18225,16867,8538,33824,3.6
150895,0.5,1.2,0,95711,31185,11669,4781,7546,4.34
150300,0.6,1.4,0,100127,20350,11117,5256,13448,4.25
148570,0,0.1,0,98350,22682,10187,4814,12534,4.28
147783,10.2,25.9,0,103615,20001,7829,4233,12102,4.35
143164,0,0.1,0,91545,28322,11534,3887,7874,4.34
142834,0,0,0,92969,17315,10793,5914,15841,4.16
130720,0.1,0.3,0,92263,15021,7898,2990,12547,4.31
124595,0.1,0.2,0,73325,15260,11912,5946,18149,3.96
122984,0.5,1,0,83425,17620,7196,2578,12163,4.28
120815,0,0,0,85750,16210,6733,2803,9317,4.38
115029,0,0,0,83966,12370,6360,2170,10160,4.37
113958,0.2,0.3,0,54024,28499,13006,7666,10760,3.94
113925,0,0.1,0,57157,13796,11147,5298,26524,3.61
111089,3.1,6.9,0,85772,12144,5125,2233,5813,4.53
109901,12,35.6,0,98795,5430,1552,1152,2969,4.78
108702,1.4,3.3,0,74456,13450,9445,3796,7552,4.32
108480,0.6,1.6,0,65183,28501,8569,2264,3960,4.37
107289,6.6,13.9,0,78781,6133,3952,2230,16190,4.2
107262,0.1,0.4,0,69383,19517,7749,3171,7440,4.31
106880,0,0,0,54382,8965,5455,3630,34446,3.42
100739,4.8,10.5,0,79501,7674,3454,1707,8400,4.47
97967,0,0.1,0,46730,24907,11279,4406,10643,3.95
94798,0.2,0.3,0,31819,18522,15734,9990,18731,3.37
94619,1,1.8,0,49277,10308,8559,4612,21860,3.64
85605,0.1,0.3,0,47779,11929,8363,5532,11999,3.91
84299,1.7,5.3,0,71606,6753,1810,934,3192,4.69
81867,0.3,0.7,0,69027,8329,2359,609,1539,4.74
77704,0,0,0,70380,2441,1275,717,2889,4.76
77401,0,0,0,46640,15480,6702,2473,6104,4.22
76755,0.1,0.2,0,55311,12973,2806,1018,4644,4.48
75630,0.5,1.6,0,47271,8850,4946,2562,11999,4.02
74594,0.9,2.2,1.99,55411,12625,3123,1117,2315,4.58
67309,125.3,250.6,0,52621,3237,2092,1322,8034,4.35
65734,0,0,0,25093,6939,6959,4763,21977,3.13
65696,0,0,0,41317,8609,5549,1959,8259,4.11
65544,7.4,17.8,0,24833,11671,3568,3499,21970,3.21
65029,0.8,2.2,0,52376,6236,3068,969,2378,4.62
64589,0,0.1,0,23795,16207,9318,4549,10718,3.59
60836,3.2,7.3,0,38247,10607,5338,1868,4774,4.24
60110,28,99.3,0,39556,10435,4274,1782,4060,4.32
59564,4661.3,5.4,0,32841,9043,5869,3064,8745,3.91
59446,1.3,3,0,43119,7849,3074,1243,4158,4.42
58971,1.2,2.3,0,37997,6847,4598,2629,6897,4.13
58346,0,0,0,34640,6231,3315,2067,12092,3.84
57935,0.4,0.7,0,25087,12363,8489,3125,8868,3.72
57633,0,0,0,35717,8404,4786,2248,6475,4.12
56806,0.2,0.4,0,41997,9023,2478,869,2438,4.54
56783,0,0,0,50537,2551,1965,446,1280,4.77
56670,0.4,1.1,0,42500,4330,2260,1220,6360,4.33
55050,0.1,0.4,0,24578,4760,2971,2454,20284,3.2
53419,1,2.1,0,41529,3619,2689,1399,4179,4.44
51922,0,0,0,25556,4587,4827,2988,13962,3.48
51610,0.3,0.8,0,35507,6831,3539,1546,4184,4.32
51017,12.5,37.4,0,36341,6921,3653,1435,2663,4.43
50808,0,0.1,0,25764,4950,5090,2590,12411,3.57
49656,0.1,0.4,0,31207,6779,4389,2139,5139,4.14
49632,0.5,1.3,0,40900,4609,1816,618,1686,4.66
47900,0,0,0,40057,4653,2291,358,538,4.74
47640,1.5,3.6,0,30447,6973,3927,2166,4124,4.21
45786,0,0,0,24292,13322,4862,936,2371,4.23
45310,0.6,1.1,0,27603,7718,3899,1579,4509,4.15
44971,0.5,1.6,0,30436,4432,3284,1956,4861,4.19
44876,0.2,0.3,0,28192,8791,3346,1218,3326,4.28
44132,0,0,0,33567,4778,2284,817,2683,4.49
43202,1.9,4.7,0,37262,3687,1255,418,578,4.77
43189,2.3,5.3,0,22911,8960,4574,1851,4891,4
42520,0,0,0,24408,8056,3088,1119,5847,4.04
2314831,2.5,5.4,0,2032320,98719,65303,30091,88396,4.71
2245883,0.1,0.2,0,1681302,348234,107788,32692,75865,4.57
1822050,2,3.9,0,1395622,222919,82725,31915,88867,4.54
1722008,0,0.1,0,971870,412256,149418,67604,120858,4.19
1215714,0.5,1,0,865192,189818,79976,23692,57033,4.47
1172061,0.4,0.7,0,822765,214414,70684,18945,45250,4.49
1127320,0,0.1,0,632838,270042,106636,36654,81148,4.19
966304,0.9,2.1,0,675125,165913,54134,20912,50217,4.44
959465,0,0,0,567614,294079,71236,10541,15992,4.45
958517,1.6,2.8,0,760211,120763,35012,12357,30173,4.64
944472,1.4,2.9,0,768395,81889,34033,18984,41168,4.61
796465,1.3,2.8,0,683334,43008,29632,10747,29742,4.68
770867,0.4,0.8,0,640995,56751,31968,10602,30549,4.64
743325,0.5,1,0,622699,42507,33642,11833,32642,4.63
736199,0,0.1,0,448237,128193,57079,32651,70036,4.16
669236,0.2,0.5,0,517815,94510,35842,7072,13995,4.64
644050,0,0,0,437940,122546,48501,10336,24724,4.46
617186,0.2,0.4,0,366527,187721,35481,9255,18200,4.42
614440,0,0.1,0,440880,88059,41326,14212,29961,4.46
600422,10.8,26.6,0,495650,38015,18553,9434,38767,4.57
512540,0,0,0,423778,51882,16591,5124,15163,4.69
512540,0,0,0,278688,96149,40350,11577,28852,4.69
512540,0,0,0,260865,79932,29422,6895,13072,4.69
501218,0,0,0,366216,57077,26847,10760,40316,4.39
495074,0.1,0.3,0,272292,47825,38880,30125,105951,3.71
469666,0.2,0.3,0,290484,116481,28421,11901,22376,4.36
468930,0.8,1.4,0,340833,71891,32778,8525,14900,4.53
455618,0.2,0.3,0,423778,51882,16591,5124,15163,4.28
455618,0.2,0.3,0,278688,96149,40350,11577,28852,4.28
455618,0.2,0.3,0,260865,79932,29422,6895,13072,4.28
445403,0.2,0.6,0,267581,100256,31949,13365,32249,4.25
444851,0.2,0.3,0,279022,118839,37272,3970,5746,4.49
419753,0.8,1.9,0,332795,42949,20885,6848,16273,4.59
412505,0.2,0.6,0,263532,59896,32245,15034,41795,4.18
406650,3.7,9.4,0,373268,16566,4404,3184,9225,4.82
392711,10.7,16.3,0,332574,24088,11929,5183,18934,4.65
390189,0.1,0.2,0,423778,51882,16591,5124,15163,4.46
390189,0.1,0.2,0,278688,96149,40350,11577,28852,4.46
390189,0.1,0.2,0,260865,79932,29422,6895,13072,4.46
386981,0.5,1.2,0,293442,40576,20693,10146,22122,4.48
383045,0.4,1.4,0,176250,87530,32972,15216,71074,3.74
379834,0.7,1.6,0,231152,90731,31042,9258,17648,4.34
372118,0.3,0.7,0,277984,40882,18632,7912,26705,4.44
362769,0,0.1,0,274990,47972,18918,5186,15700,4.55
356335,0.1,0.2,0,220384,73794,26098,9119,26938,4.27
351822,0.5,0.9,0,251841,55078,18432,5657,20811,4.45
333183,2.6,8.6,0,184234,49811,27628,23020,48486,3.9
327215,0,0.1,0,284850,15583,10218,3356,13205,4.7
320018,0.3,0.5,0,259366,34017,10292,4035,12305,4.64
311348,1.5,3.1,0,225566,59308,14486,3673,8313,4.57
303820,1.6,3.6,0,273302,14525,5676,2354,7961,4.79
299625,0.9,2.3,0,173068,66611,26294,10773,22876,4.19
293144,0,0,0,174532,58150,28323,10811,21324,4.21
287375,0.1,0.3,0,188407,59534,19451,5601,14379,4.4
283775,0,0,0,194084,61334,18115,3393,6847,4.52
282196,1.4,3.1,0,240235,21817,7638,3121,9383,4.7
275831,140394.4,0.5,0,222986,27985,9062,3976,11819,4.62
264735,0,0.1,0,156926,58240,29994,7373,12199,4.29
261311,0.7,1.5,0,213985,20573,8884,4182,13685,4.6
254953,0,0,0,135868,46192,21311,16133,35446,3.91
242220,0.8,1.9,0,203604,17305,7749,4603,8957,4.66
233892,0.6,1.3,0,183280,31467,10775,2626,5742,4.64
227032,0.2,0.5,0,181059,21082,9728,4066,11094,4.57
224003,2,4.3,0,171143,32716,12822,3105,4214,4.62
222726,6.3,14.1,0,198941,8931,3918,2072,8862,4.74
220723,0.1,0.3,0,114295,23794,14067,9767,58797,3.57
216274,3.6,8,0,168112,30371,7879,2789,7122,4.62
214635,1.1,2.1,0,176773,21239,8385,2498,5737,4.68
214048,0.1,0.4,0,131987,28158,18503,9016,26381,4.08
212106,1.2,2.4,0,155455,33940,9062,4036,9611,4.52
205191,1,2.4,0,83797,35081,27057,17156,42098,3.49
203605,4.5,9.5,0,123378,40382,21325,7526,10992,4.27
195355,2.7,5.9,0,157811,20897,8582,2877,5187,4.65
187428,1.5,3.8,0,152260,15885,5045,2847,11389,4.57
177584,0.9,2,0,123035,19640,11632,5981,17294,4.27
176947,1.4,3.4,0,125043,28786,9948,3559,9608,4.45
176040,0.7,1.5,0,115491,40875,10740,2757,6174,4.46
172253,0,0,0,123845,34556,10023,1698,2128,4.6
171275,3,6.4,0,135499,20918,8300,2149,4406,4.64
169790,0.1,0.3,0,121285,17716,8927,5472,16387,4.31
160336,0.2,0.4,0,130362,11624,5946,3297,9104,4.56
159357,0,0,0,81330,41797,14271,5020,16936,4.04
157695,1.3,2.7,0,103539,23263,11163,5417,14310,4.24
155301,1.1,1.9,0,94615,29348,11648,6340,13347,4.19
152252,0.4,0.7,0,120191,15745,7063,2347,6903,4.58
151509,0.8,1.9,0,127732,9049,6585,2504,5637,4.65
150784,0.1,0.2,0,124227,10357,7496,2133,6569,4.62
148706,0.2,0.3,0,88425,24636,12827,6638,16177,4.09
146393,0.1,0.3,0,115049,22598,3548,1429,3768,4.66
145071,6.2,13.1,0,106101,27236,7559,1358,2815,4.6
143865,0,0,0,94569,31779,11088,2545,3882,4.46
141843,5.6,12.7,0,116684,16262,3688,1409,3798,4.7
137143,0,0,0,90806,33063,10249,1357,1666,4.53
136575,0,0,0,82262,30138,18250,2817,3106,4.36
129879,0.1,0.2,0,107466,11411,3367,2697,4936,4.65
128916,0.1,0.1,0,87579,19526,7808,3011,10989,4.32
127263,0,0.1,0,88905,9635,7354,5121,16245,4.18
126651,0.1,0.2,0,91723,23344,6235,1815,3531,4.56
126068,0,0,0,84188,16537,9233,3647,12460,4.24
125948,0.7,2,0,106443,9312,3766,1648,4776,4.68
124155,0,0.1,0,94530,19863,5805,1208,2747,4.63
122845,0.1,0.3,0,96954,17233,5098,1249,2309,4.67
120476,0,0.1,0,74010,21546,10648,4710,9560,4.21
114852,0.3,0.6,0,84688,16783,6619,1867,4892,4.52
110293,0.8,1.9,0,99168,3528,3258,1059,3278,4.76
109809,6.9,14.2,0,70647,22630,8794,2775,4961,4.38
